seqid	taxid	species
1	5476	candida albicans
10	5476	candida albicans
100	5476	candida albicans
10000	5476	candida albicans
10002	5476	candida albicans
10005	5476	candida albicans
10006	5476	candida albicans
10008	5476	candida albicans
10011	5476	candida albicans
10012	5476	candida albicans
10016	5476	candida albicans
1002	5476	candida albicans
10020	5476	candida albicans
10021	5476	candida albicans
10022	5476	candida albicans
10024	5476	candida albicans
10025	5476	candida albicans
10028	5476	candida albicans
1003	5476	candida albicans
10030	5476	candida albicans
10031	5476	candida albicans
10032	5476	candida albicans
10036	5476	candida albicans
10037	5476	candida albicans
10044	5476	candida albicans
10045	5476	candida albicans
10046	5476	candida albicans
10048	5476	candida albicans
1005	5476	candida albicans
10051	5476	candida albicans
10052	5476	candida albicans
10053	5476	candida albicans
10054	5476	candida albicans
10059	5476	candida albicans
1006	5476	candida albicans
10060	5476	candida albicans
10064	5476	candida albicans
10065	5476	candida albicans
10069	5476	candida albicans
10071	5476	candida albicans
10073	5476	candida albicans
10075	5476	candida albicans
10077	5476	candida albicans
10078	5476	candida albicans
10079	5476	candida albicans
1008	5476	candida albicans
10080	5476	candida albicans
10081	5476	candida albicans
10090	5476	candida albicans
10092	5476	candida albicans
10093	5476	candida albicans
10095	5476	candida albicans
10096	5476	candida albicans
10097	5476	candida albicans
10102	5476	candida albicans
10107	5476	candida albicans
10108	5476	candida albicans
10109	5476	candida albicans
1011	5476	candida albicans
10113	5476	candida albicans
10116	5476	candida albicans
10117	5476	candida albicans
1012	5476	candida albicans
10122	5476	candida albicans
10126	5476	candida albicans
1013	5476	candida albicans
10131	5476	candida albicans
10133	5476	candida albicans
10138	5476	candida albicans
10141	5476	candida albicans
10148	5476	candida albicans
1015	5476	candida albicans
10157	5476	candida albicans
10160	5476	candida albicans
10162	5476	candida albicans
10163	5476	candida albicans
10168	5476	candida albicans
10170	5476	candida albicans
10174	5476	candida albicans
10175	5476	candida albicans
10178	5476	candida albicans
10179	5476	candida albicans
1018	5476	candida albicans
10182	5476	candida albicans
10183	5476	candida albicans
10186	5476	candida albicans
10187	5476	candida albicans
10189	5476	candida albicans
1019	5476	candida albicans
10192	5476	candida albicans
10196	5476	candida albicans
10197	5476	candida albicans
10198	5476	candida albicans
1020	5476	candida albicans
10204	5476	candida albicans
10205	5476	candida albicans
10212	5476	candida albicans
10213	5476	candida albicans
10215	5476	candida albicans
10216	5476	candida albicans
10219	5476	candida albicans
1022	5476	candida albicans
10223	5476	candida albicans
10224	5476	candida albicans
1023	5476	candida albicans
10230	5476	candida albicans
10233	5476	candida albicans
10236	5476	candida albicans
10237	5476	candida albicans
10238	5476	candida albicans
10245	5476	candida albicans
10246	5476	candida albicans
10248	5476	candida albicans
10249	5476	candida albicans
10250	5476	candida albicans
10252	5476	candida albicans
10253	5476	candida albicans
10254	5476	candida albicans
10257	5476	candida albicans
10260	5476	candida albicans
10266	5476	candida albicans
10267	5476	candida albicans
10270	5476	candida albicans
10272	5476	candida albicans
10276	5476	candida albicans
10278	5476	candida albicans
10280	5476	candida albicans
10281	5476	candida albicans
10283	5476	candida albicans
10284	5476	candida albicans
10287	5476	candida albicans
10290	5476	candida albicans
10291	5476	candida albicans
10292	5476	candida albicans
10297	5476	candida albicans
10299	5476	candida albicans
103	5476	candida albicans
10302	5476	candida albicans
10303	5476	candida albicans
10306	5476	candida albicans
10307	5476	candida albicans
10310	5476	candida albicans
10313	5476	candida albicans
10318	5476	candida albicans
10319	5476	candida albicans
1032	5476	candida albicans
10322	5476	candida albicans
10326	5476	candida albicans
10327	5476	candida albicans
10331	5476	candida albicans
10337	5476	candida albicans
10338	5476	candida albicans
10343	5476	candida albicans
10344	5476	candida albicans
10345	5476	candida albicans
10347	5476	candida albicans
10349	5476	candida albicans
1035	5476	candida albicans
10356	5476	candida albicans
10359	5476	candida albicans
1036	5476	candida albicans
10363	5476	candida albicans
10364	5476	candida albicans
10368	5476	candida albicans
10372	5476	candida albicans
10375	5476	candida albicans
10378	5476	candida albicans
10379	5476	candida albicans
1038	5476	candida albicans
10380	5476	candida albicans
10389	5476	candida albicans
1039	5476	candida albicans
10390	5476	candida albicans
10391	5476	candida albicans
10392	5476	candida albicans
10397	5476	candida albicans
10399	5476	candida albicans
104	5476	candida albicans
1040	5476	candida albicans
10400	5476	candida albicans
10401	5476	candida albicans
10403	5476	candida albicans
10405	5476	candida albicans
10406	5476	candida albicans
10407	5476	candida albicans
10409	5476	candida albicans
10413	5476	candida albicans
10417	5476	candida albicans
10423	5476	candida albicans
10425	5476	candida albicans
10427	5476	candida albicans
10428	5476	candida albicans
1043	5476	candida albicans
10430	5476	candida albicans
10432	5476	candida albicans
10436	5476	candida albicans
10439	5476	candida albicans
1044	5476	candida albicans
10444	5476	candida albicans
10446	5476	candida albicans
10454	5476	candida albicans
10455	5476	candida albicans
10456	5476	candida albicans
10457	5476	candida albicans
1046	5476	candida albicans
10460	5476	candida albicans
10462	5476	candida albicans
10465	5476	candida albicans
10467	5476	candida albicans
10470	5476	candida albicans
10474	5476	candida albicans
10478	5476	candida albicans
10479	5476	candida albicans
10480	5476	candida albicans
10482	5476	candida albicans
10484	5476	candida albicans
10485	5476	candida albicans
10490	5476	candida albicans
10492	5476	candida albicans
10493	5476	candida albicans
10494	5476	candida albicans
105	5476	candida albicans
10502	5476	candida albicans
10506	5476	candida albicans
10507	5476	candida albicans
10512	5476	candida albicans
10514	5476	candida albicans
10522	5476	candida albicans
10523	5476	candida albicans
10524	5476	candida albicans
10525	5476	candida albicans
10527	5476	candida albicans
10528	5476	candida albicans
10529	5476	candida albicans
10533	5476	candida albicans
10535	5476	candida albicans
10537	5476	candida albicans
10538	5476	candida albicans
10539	5476	candida albicans
10540	5476	candida albicans
10542	5476	candida albicans
10546	5476	candida albicans
10548	5476	candida albicans
10550	5476	candida albicans
10552	5476	candida albicans
10555	5476	candida albicans
10556	5476	candida albicans
10565	5476	candida albicans
10567	5476	candida albicans
10568	5476	candida albicans
10571	5476	candida albicans
10573	5476	candida albicans
10577	5476	candida albicans
10579	5476	candida albicans
10581	5476	candida albicans
10582	5476	candida albicans
10585	5476	candida albicans
10593	5476	candida albicans
10594	5476	candida albicans
10595	5476	candida albicans
10596	5476	candida albicans
10598	5476	candida albicans
10600	5476	candida albicans
10610	5476	candida albicans
10612	5476	candida albicans
10617	5476	candida albicans
10619	5476	candida albicans
10623	5476	candida albicans
10629	5476	candida albicans
1063	5476	candida albicans
10632	5476	candida albicans
10633	5476	candida albicans
10634	5476	candida albicans
10636	5476	candida albicans
1064	5476	candida albicans
10641	5476	candida albicans
10642	5476	candida albicans
10645	5476	candida albicans
10646	5476	candida albicans
10647	5476	candida albicans
10649	5476	candida albicans
1065	5476	candida albicans
10650	5476	candida albicans
10651	5476	candida albicans
10656	5476	candida albicans
10657	5476	candida albicans
10658	5476	candida albicans
10659	5476	candida albicans
10660	5476	candida albicans
10665	5476	candida albicans
10669	5476	candida albicans
10671	5476	candida albicans
10674	5476	candida albicans
10677	5476	candida albicans
10678	5476	candida albicans
10680	5476	candida albicans
10683	5476	candida albicans
10684	5476	candida albicans
10686	5476	candida albicans
10691	5476	candida albicans
10695	5476	candida albicans
10697	5476	candida albicans
10698	5476	candida albicans
10699	5476	candida albicans
10701	5476	candida albicans
10702	5476	candida albicans
10703	5476	candida albicans
10707	5476	candida albicans
10709	5476	candida albicans
1071	5476	candida albicans
10715	5476	candida albicans
1072	5476	candida albicans
10725	5476	candida albicans
10726	5476	candida albicans
10727	5476	candida albicans
10729	5476	candida albicans
10730	5476	candida albicans
10731	5476	candida albicans
10732	5476	candida albicans
10733	5476	candida albicans
10734	5476	candida albicans
10736	5476	candida albicans
1074	5476	candida albicans
10741	5476	candida albicans
10742	5476	candida albicans
10743	5476	candida albicans
10744	5476	candida albicans
10745	5476	candida albicans
10746	5476	candida albicans
10747	5476	candida albicans
10751	5476	candida albicans
10752	5476	candida albicans
10754	5476	candida albicans
10755	5476	candida albicans
10758	5476	candida albicans
10760	5476	candida albicans
10762	5476	candida albicans
10768	5476	candida albicans
10774	5476	candida albicans
10779	5476	candida albicans
1078	5476	candida albicans
10784	5476	candida albicans
10785	5476	candida albicans
10786	5476	candida albicans
10789	5476	candida albicans
1079	5476	candida albicans
10790	5476	candida albicans
10792	5476	candida albicans
10793	5476	candida albicans
10795	5476	candida albicans
10796	5476	candida albicans
10797	5476	candida albicans
10798	5476	candida albicans
1080	5476	candida albicans
10803	5476	candida albicans
10807	5476	candida albicans
10808	5476	candida albicans
10809	5476	candida albicans
10817	5476	candida albicans
10818	5476	candida albicans
10819	5476	candida albicans
1082	5476	candida albicans
10827	5476	candida albicans
10830	5476	candida albicans
10832	5476	candida albicans
10833	5476	candida albicans
10834	5476	candida albicans
10836	5476	candida albicans
10837	5476	candida albicans
10838	5476	candida albicans
1084	5476	candida albicans
10843	5476	candida albicans
10844	5476	candida albicans
10847	5476	candida albicans
10848	5476	candida albicans
10849	5476	candida albicans
1085	5476	candida albicans
10852	5476	candida albicans
10855	5476	candida albicans
10857	5476	candida albicans
1086	5476	candida albicans
10863	5476	candida albicans
10866	5476	candida albicans
10868	5476	candida albicans
1087	5476	candida albicans
10870	5476	candida albicans
10874	5476	candida albicans
10876	5476	candida albicans
10878	5476	candida albicans
1088	5476	candida albicans
10885	5476	candida albicans
10886	5476	candida albicans
10890	5476	candida albicans
10894	5476	candida albicans
10896	5476	candida albicans
10898	5476	candida albicans
109	5476	candida albicans
1090	5476	candida albicans
10902	5476	candida albicans
10906	5476	candida albicans
10907	5476	candida albicans
10908	5476	candida albicans
1091	5476	candida albicans
10915	5476	candida albicans
10917	5476	candida albicans
10918	5476	candida albicans
10919	5476	candida albicans
10923	5476	candida albicans
10924	5476	candida albicans
10925	5476	candida albicans
10926	5476	candida albicans
10928	5476	candida albicans
10931	5476	candida albicans
10935	5476	candida albicans
10938	5476	candida albicans
10939	5476	candida albicans
10942	5476	candida albicans
10944	5476	candida albicans
10947	5476	candida albicans
10948	5476	candida albicans
10949	5476	candida albicans
1095	5476	candida albicans
10950	5476	candida albicans
10956	5476	candida albicans
10959	5476	candida albicans
10961	5476	candida albicans
10962	5476	candida albicans
10963	5476	candida albicans
10965	5476	candida albicans
10967	5476	candida albicans
10969	5476	candida albicans
10970	5476	candida albicans
10971	5476	candida albicans
10974	5476	candida albicans
10977	5476	candida albicans
10980	5476	candida albicans
10984	5476	candida albicans
10988	5476	candida albicans
10989	5476	candida albicans
10991	5476	candida albicans
10992	5476	candida albicans
10997	5476	candida albicans
10999	5476	candida albicans
11	5476	candida albicans
11001	5476	candida albicans
11002	5476	candida albicans
11006	5476	candida albicans
11007	5476	candida albicans
1101	5476	candida albicans
11011	5476	candida albicans
11014	5476	candida albicans
11018	5476	candida albicans
11022	5476	candida albicans
11025	5476	candida albicans
11027	5476	candida albicans
11029	5476	candida albicans
11031	5476	candida albicans
11032	5476	candida albicans
11033	5476	candida albicans
11038	5476	candida albicans
11039	5476	candida albicans
1104	5476	candida albicans
11040	5476	candida albicans
11043	5476	candida albicans
11044	5476	candida albicans
11045	5476	candida albicans
11046	5476	candida albicans
11050	5476	candida albicans
11051	5476	candida albicans
11052	5476	candida albicans
11053	5476	candida albicans
11054	5476	candida albicans
11055	5476	candida albicans
11056	5476	candida albicans
11059	5476	candida albicans
1106	5476	candida albicans
11062	5476	candida albicans
11063	5476	candida albicans
11064	5476	candida albicans
11065	5476	candida albicans
11066	5476	candida albicans
11067	5476	candida albicans
11070	5476	candida albicans
11072	5476	candida albicans
11073	5476	candida albicans
11077	5476	candida albicans
11082	5476	candida albicans
11084	5476	candida albicans
11087	5476	candida albicans
11089	5476	candida albicans
1109	5476	candida albicans
11090	5476	candida albicans
11094	5476	candida albicans
11095	5476	candida albicans
11096	5476	candida albicans
11101	5476	candida albicans
11102	5476	candida albicans
11103	5476	candida albicans
11104	5476	candida albicans
11105	5476	candida albicans
11107	5476	candida albicans
11108	5476	candida albicans
11111	5476	candida albicans
11114	5476	candida albicans
11118	5476	candida albicans
11121	5476	candida albicans
11123	5476	candida albicans
11126	5476	candida albicans
11133	5476	candida albicans
11134	5476	candida albicans
11140	5476	candida albicans
11143	5476	candida albicans
11145	5476	candida albicans
11146	5476	candida albicans
1115	5476	candida albicans
11155	5476	candida albicans
11156	5476	candida albicans
11160	5476	candida albicans
11162	5476	candida albicans
11163	5476	candida albicans
11164	5476	candida albicans
11166	5476	candida albicans
11173	5476	candida albicans
11175	5476	candida albicans
11179	5476	candida albicans
11180	5476	candida albicans
11182	5476	candida albicans
11184	5476	candida albicans
11189	5476	candida albicans
11193	5476	candida albicans
11196	5476	candida albicans
11199	5476	candida albicans
1120	5476	candida albicans
11200	5476	candida albicans
11201	5476	candida albicans
11203	5476	candida albicans
11208	5476	candida albicans
11210	5476	candida albicans
11212	5476	candida albicans
11216	5476	candida albicans
11220	5476	candida albicans
11221	5476	candida albicans
11222	5476	candida albicans
11225	5476	candida albicans
1123	5476	candida albicans
11230	5476	candida albicans
11233	5476	candida albicans
11235	5476	candida albicans
11236	5476	candida albicans
11239	5476	candida albicans
1124	5476	candida albicans
11240	5476	candida albicans
11245	5476	candida albicans
11247	5476	candida albicans
11248	5476	candida albicans
1125	5476	candida albicans
11253	5476	candida albicans
11254	5476	candida albicans
11255	5476	candida albicans
11257	5476	candida albicans
1126	5476	candida albicans
11260	5476	candida albicans
11265	5476	candida albicans
11266	5476	candida albicans
1127	5476	candida albicans
11270	5476	candida albicans
11275	5476	candida albicans
11276	5476	candida albicans
1128	5476	candida albicans
11287	5476	candida albicans
1129	5476	candida albicans
11290	5476	candida albicans
11291	5476	candida albicans
11292	5476	candida albicans
11295	5476	candida albicans
11296	5476	candida albicans
11297	5476	candida albicans
11299	5476	candida albicans
113	5476	candida albicans
11303	5476	candida albicans
11304	5476	candida albicans
11306	5476	candida albicans
11307	5476	candida albicans
11309	5476	candida albicans
1131	5476	candida albicans
11313	5476	candida albicans
11319	5476	candida albicans
1132	5476	candida albicans
11321	5476	candida albicans
1133	5476	candida albicans
11332	5476	candida albicans
11335	5476	candida albicans
11337	5476	candida albicans
11345	5476	candida albicans
11347	5476	candida albicans
11350	5476	candida albicans
11356	5476	candida albicans
11359	5476	candida albicans
11364	5476	candida albicans
11366	5476	candida albicans
11369	5476	candida albicans
11373	5476	candida albicans
11374	5476	candida albicans
11375	5476	candida albicans
1138	5476	candida albicans
11381	5476	candida albicans
11382	5476	candida albicans
11386	5476	candida albicans
11388	5476	candida albicans
11389	5476	candida albicans
11396	5476	candida albicans
114	5476	candida albicans
1140	5476	candida albicans
11405	5476	candida albicans
11412	5476	candida albicans
11413	5476	candida albicans
11419	5476	candida albicans
11422	5476	candida albicans
11423	5476	candida albicans
11424	5476	candida albicans
11425	5476	candida albicans
11427	5476	candida albicans
11430	5476	candida albicans
11431	5476	candida albicans
11435	5476	candida albicans
11436	5476	candida albicans
11438	5476	candida albicans
11439	5476	candida albicans
1144	5476	candida albicans
11441	5476	candida albicans
11444	5476	candida albicans
11455	5476	candida albicans
11457	5476	candida albicans
11458	5476	candida albicans
11461	5476	candida albicans
11465	5476	candida albicans
11466	5476	candida albicans
11468	5476	candida albicans
1147	5476	candida albicans
11470	5476	candida albicans
11471	5476	candida albicans
11474	5476	candida albicans
11476	5476	candida albicans
11477	5476	candida albicans
11478	5476	candida albicans
1148	5476	candida albicans
11481	5476	candida albicans
11484	5476	candida albicans
11485	5476	candida albicans
11486	5476	candida albicans
11488	5476	candida albicans
11489	5476	candida albicans
11494	5476	candida albicans
11495	5476	candida albicans
11500	5476	candida albicans
11502	5476	candida albicans
11504	5476	candida albicans
11506	5476	candida albicans
11509	5476	candida albicans
11515	5476	candida albicans
11516	5476	candida albicans
11518	5476	candida albicans
1152	5476	candida albicans
11531	5476	candida albicans
11536	5476	candida albicans
11540	5476	candida albicans
11542	5476	candida albicans
11545	5476	candida albicans
11546	5476	candida albicans
1155	5476	candida albicans
11551	5476	candida albicans
11552	5476	candida albicans
11557	5476	candida albicans
11559	5476	candida albicans
1156	5476	candida albicans
11560	5476	candida albicans
11561	5476	candida albicans
11562	5476	candida albicans
11563	5476	candida albicans
11564	5476	candida albicans
11566	5476	candida albicans
11569	5476	candida albicans
1157	5476	candida albicans
11571	5476	candida albicans
11576	5476	candida albicans
11578	5476	candida albicans
11579	5476	candida albicans
11585	5476	candida albicans
11586	5476	candida albicans
11588	5476	candida albicans
11589	5476	candida albicans
11590	5476	candida albicans
11592	5476	candida albicans
11593	5476	candida albicans
11597	5476	candida albicans
11601	5476	candida albicans
11603	5476	candida albicans
11604	5476	candida albicans
11605	5476	candida albicans
11607	5476	candida albicans
11608	5476	candida albicans
1161	5476	candida albicans
11610	5476	candida albicans
11615	5476	candida albicans
11616	5476	candida albicans
11618	5476	candida albicans
11619	5476	candida albicans
1162	5476	candida albicans
11622	5476	candida albicans
11625	5476	candida albicans
11626	5476	candida albicans
11628	5476	candida albicans
11629	5476	candida albicans
1163	5476	candida albicans
11644	5476	candida albicans
11646	5476	candida albicans
11647	5476	candida albicans
11648	5476	candida albicans
11649	5476	candida albicans
1165	5476	candida albicans
1166	5476	candida albicans
11660	5476	candida albicans
11662	5476	candida albicans
11665	5476	candida albicans
11666	5476	candida albicans
11667	5476	candida albicans
11670	5476	candida albicans
11671	5476	candida albicans
11673	5476	candida albicans
11674	5476	candida albicans
11675	5476	candida albicans
11677	5476	candida albicans
11678	5476	candida albicans
11679	5476	candida albicans
1168	5476	candida albicans
11683	5476	candida albicans
11686	5476	candida albicans
11687	5476	candida albicans
11694	5476	candida albicans
11695	5476	candida albicans
11697	5476	candida albicans
11698	5476	candida albicans
11700	5476	candida albicans
11702	5476	candida albicans
11703	5476	candida albicans
11709	5476	candida albicans
11711	5476	candida albicans
11714	5476	candida albicans
11715	5476	candida albicans
11719	5476	candida albicans
1172	5476	candida albicans
11721	5476	candida albicans
11722	5476	candida albicans
11723	5476	candida albicans
11728	5476	candida albicans
11730	5476	candida albicans
11735	5476	candida albicans
1174	5476	candida albicans
11741	5476	candida albicans
11743	5476	candida albicans
11747	5476	candida albicans
11749	5476	candida albicans
1175	5476	candida albicans
11751	5476	candida albicans
11753	5476	candida albicans
11755	5476	candida albicans
11757	5476	candida albicans
1176	5476	candida albicans
11767	5476	candida albicans
11768	5476	candida albicans
1177	5476	candida albicans
11771	5476	candida albicans
11773	5476	candida albicans
11774	5476	candida albicans
11776	5476	candida albicans
11778	5476	candida albicans
11780	5476	candida albicans
11783	5476	candida albicans
11784	5476	candida albicans
11789	5476	candida albicans
1179	5476	candida albicans
11793	5476	candida albicans
11794	5476	candida albicans
11797	5476	candida albicans
11798	5476	candida albicans
1180	5476	candida albicans
11800	5476	candida albicans
11801	5476	candida albicans
11803	5476	candida albicans
11805	5476	candida albicans
11806	5476	candida albicans
11808	5476	candida albicans
11809	5476	candida albicans
11813	5476	candida albicans
11814	5476	candida albicans
11818	5476	candida albicans
1182	5476	candida albicans
11822	5476	candida albicans
11823	5476	candida albicans
11824	5476	candida albicans
11825	5476	candida albicans
11826	5476	candida albicans
11831	5476	candida albicans
11832	5476	candida albicans
11833	5476	candida albicans
11836	5476	candida albicans
1184	5476	candida albicans
11840	5476	candida albicans
11841	5476	candida albicans
11842	5476	candida albicans
11844	5476	candida albicans
11845	5476	candida albicans
1185	5476	candida albicans
11854	5476	candida albicans
11856	5476	candida albicans
11860	5476	candida albicans
11869	5476	candida albicans
11871	5476	candida albicans
11872	5476	candida albicans
11876	5476	candida albicans
11877	5476	candida albicans
11881	5476	candida albicans
11882	5476	candida albicans
11883	5476	candida albicans
11888	5476	candida albicans
11889	5476	candida albicans
1189	5476	candida albicans
11892	5476	candida albicans
11894	5476	candida albicans
11895	5476	candida albicans
11897	5476	candida albicans
11898	5476	candida albicans
1190	5476	candida albicans
11905	5476	candida albicans
11906	5476	candida albicans
11907	5476	candida albicans
1191	5476	candida albicans
11910	5476	candida albicans
11913	5476	candida albicans
11915	5476	candida albicans
11919	5476	candida albicans
11920	5476	candida albicans
11921	5476	candida albicans
11922	5476	candida albicans
11923	5476	candida albicans
11925	5476	candida albicans
11927	5476	candida albicans
11929	5476	candida albicans
11933	5476	candida albicans
11938	5476	candida albicans
11940	5476	candida albicans
11944	5476	candida albicans
11946	5476	candida albicans
11947	5476	candida albicans
11949	5476	candida albicans
11952	5476	candida albicans
11953	5476	candida albicans
11955	5476	candida albicans
11961	5476	candida albicans
11963	5476	candida albicans
11965	5476	candida albicans
1197	5476	candida albicans
11970	5476	candida albicans
11977	5476	candida albicans
11982	5476	candida albicans
11983	5476	candida albicans
11984	5476	candida albicans
11985	5476	candida albicans
11986	5476	candida albicans
11987	5476	candida albicans
11988	5476	candida albicans
11989	5476	candida albicans
11991	5476	candida albicans
11992	5476	candida albicans
11993	5476	candida albicans
11994	5476	candida albicans
11995	5476	candida albicans
11998	5476	candida albicans
11999	5476	candida albicans
120	5476	candida albicans
12001	5476	candida albicans
12002	5476	candida albicans
12004	5476	candida albicans
12007	5476	candida albicans
12008	5476	candida albicans
1201	5476	candida albicans
12010	5476	candida albicans
12011	5476	candida albicans
12016	5476	candida albicans
12018	5476	candida albicans
12019	5476	candida albicans
12020	5476	candida albicans
12029	5476	candida albicans
1203	5476	candida albicans
12030	5476	candida albicans
12033	5476	candida albicans
12034	5476	candida albicans
12039	5476	candida albicans
12040	5476	candida albicans
12042	5476	candida albicans
12046	5476	candida albicans
12047	5476	candida albicans
12048	5476	candida albicans
1205	5476	candida albicans
12051	5476	candida albicans
12057	5476	candida albicans
12058	5476	candida albicans
1206	5476	candida albicans
12060	5476	candida albicans
12061	5476	candida albicans
12063	5476	candida albicans
12064	5476	candida albicans
12066	5476	candida albicans
12067	5476	candida albicans
12069	5476	candida albicans
1207	5476	candida albicans
12075	5476	candida albicans
12080	5476	candida albicans
1209	5476	candida albicans
12090	5476	candida albicans
12091	5476	candida albicans
12092	5476	candida albicans
12093	5476	candida albicans
12094	5476	candida albicans
12095	5476	candida albicans
12098	5476	candida albicans
1210	5476	candida albicans
12101	5476	candida albicans
12105	5476	candida albicans
12106	5476	candida albicans
12109	5476	candida albicans
12110	5476	candida albicans
12111	5476	candida albicans
12112	5476	candida albicans
12113	5476	candida albicans
12115	5476	candida albicans
12117	5476	candida albicans
12119	5476	candida albicans
12120	5476	candida albicans
12124	5476	candida albicans
12127	5476	candida albicans
1213	5476	candida albicans
12130	5476	candida albicans
12135	5476	candida albicans
12139	5476	candida albicans
1214	5476	candida albicans
12141	5476	candida albicans
1215	5476	candida albicans
12153	5476	candida albicans
12156	5476	candida albicans
12157	5476	candida albicans
1216	5476	candida albicans
12161	5476	candida albicans
12165	5476	candida albicans
12167	5476	candida albicans
12168	5476	candida albicans
12169	5476	candida albicans
12172	5476	candida albicans
12173	5476	candida albicans
12174	5476	candida albicans
12176	5476	candida albicans
12179	5476	candida albicans
12180	5476	candida albicans
12181	5476	candida albicans
12183	5476	candida albicans
12185	5476	candida albicans
12186	5476	candida albicans
12189	5476	candida albicans
1219	5476	candida albicans
12190	5476	candida albicans
12197	5476	candida albicans
12198	5476	candida albicans
1220	5476	candida albicans
12201	5476	candida albicans
12204	5476	candida albicans
12205	5476	candida albicans
12207	5476	candida albicans
12208	5476	candida albicans
12209	5476	candida albicans
12210	5476	candida albicans
12212	5476	candida albicans
12213	5476	candida albicans
12217	5476	candida albicans
12221	5476	candida albicans
12222	5476	candida albicans
12225	5476	candida albicans
12227	5476	candida albicans
12229	5476	candida albicans
12232	5476	candida albicans
12234	5476	candida albicans
1224	5476	candida albicans
12243	5476	candida albicans
12244	5476	candida albicans
12245	5476	candida albicans
1225	5476	candida albicans
12251	5476	candida albicans
12252	5476	candida albicans
12253	5476	candida albicans
12255	5476	candida albicans
1226	5476	candida albicans
12260	5476	candida albicans
12265	5476	candida albicans
12268	5476	candida albicans
12269	5476	candida albicans
1227	5476	candida albicans
12271	5476	candida albicans
12273	5476	candida albicans
12274	5476	candida albicans
12275	5476	candida albicans
12279	5476	candida albicans
12284	5476	candida albicans
12285	5476	candida albicans
12291	5476	candida albicans
12292	5476	candida albicans
12293	5476	candida albicans
12294	5476	candida albicans
12299	5476	candida albicans
12300	5476	candida albicans
12302	5476	candida albicans
12305	5476	candida albicans
12308	5476	candida albicans
12309	5476	candida albicans
12310	5476	candida albicans
12313	5476	candida albicans
12317	5476	candida albicans
12318	5476	candida albicans
12319	5476	candida albicans
1232	5476	candida albicans
12322	5476	candida albicans
12324	5476	candida albicans
12325	5476	candida albicans
12327	5476	candida albicans
12328	5476	candida albicans
12331	5476	candida albicans
12336	5476	candida albicans
12340	5476	candida albicans
12341	5476	candida albicans
12343	5476	candida albicans
12344	5476	candida albicans
12345	5476	candida albicans
12349	5476	candida albicans
12351	5476	candida albicans
12352	5476	candida albicans
12355	5476	candida albicans
12358	5476	candida albicans
12359	5476	candida albicans
12361	5476	candida albicans
12362	5476	candida albicans
12363	5476	candida albicans
12367	5476	candida albicans
12369	5476	candida albicans
1237	5476	candida albicans
12373	5476	candida albicans
12374	5476	candida albicans
12375	5476	candida albicans
12379	5476	candida albicans
1238	5476	candida albicans
12383	5476	candida albicans
12386	5476	candida albicans
12388	5476	candida albicans
12389	5476	candida albicans
12391	5476	candida albicans
12393	5476	candida albicans
12395	5476	candida albicans
12396	5476	candida albicans
12398	5476	candida albicans
1240	5476	candida albicans
12402	5476	candida albicans
12405	5476	candida albicans
12406	5476	candida albicans
12408	5476	candida albicans
12409	5476	candida albicans
1241	5476	candida albicans
12412	5476	candida albicans
12415	5476	candida albicans
12419	5476	candida albicans
12422	5476	candida albicans
12424	5476	candida albicans
12425	5476	candida albicans
12426	5476	candida albicans
1243	5476	candida albicans
12436	5476	candida albicans
12442	5476	candida albicans
12443	5476	candida albicans
12446	5476	candida albicans
12451	5476	candida albicans
12452	5476	candida albicans
12457	5476	candida albicans
12458	5476	candida albicans
12460	5476	candida albicans
12461	5476	candida albicans
12462	5476	candida albicans
12464	5476	candida albicans
12466	5476	candida albicans
12469	5476	candida albicans
12470	5476	candida albicans
12471	5476	candida albicans
12472	5476	candida albicans
12475	5476	candida albicans
12478	5476	candida albicans
1248	5476	candida albicans
1249	5476	candida albicans
12493	5476	candida albicans
12495	5476	candida albicans
12496	5476	candida albicans
12497	5476	candida albicans
12498	5476	candida albicans
12499	5476	candida albicans
12501	5476	candida albicans
12502	5476	candida albicans
12503	5476	candida albicans
12504	5476	candida albicans
12505	5476	candida albicans
12506	5476	candida albicans
12511	5476	candida albicans
12515	5476	candida albicans
12516	5476	candida albicans
1252	5476	candida albicans
12520	5476	candida albicans
12521	5476	candida albicans
12523	5476	candida albicans
12524	5476	candida albicans
12529	5476	candida albicans
12534	5476	candida albicans
12537	5476	candida albicans
12538	5476	candida albicans
1254	5476	candida albicans
12542	5476	candida albicans
12543	5476	candida albicans
12544	5476	candida albicans
12548	5476	candida albicans
1255	5476	candida albicans
12551	5476	candida albicans
12555	5476	candida albicans
12563	5476	candida albicans
12566	5476	candida albicans
1257	5476	candida albicans
12572	5476	candida albicans
12574	5476	candida albicans
12577	5476	candida albicans
12579	5476	candida albicans
1258	5476	candida albicans
12580	5476	candida albicans
12581	5476	candida albicans
12582	5476	candida albicans
12584	5476	candida albicans
12585	5476	candida albicans
12586	5476	candida albicans
1259	5476	candida albicans
12591	5476	candida albicans
12596	5476	candida albicans
1260	5476	candida albicans
12600	5476	candida albicans
12601	5476	candida albicans
12603	5476	candida albicans
12604	5476	candida albicans
12605	5476	candida albicans
12608	5476	candida albicans
1261	5476	candida albicans
12611	5476	candida albicans
12616	5476	candida albicans
12619	5476	candida albicans
12622	5476	candida albicans
12623	5476	candida albicans
12626	5476	candida albicans
12628	5476	candida albicans
1263	5476	candida albicans
12632	5476	candida albicans
12634	5476	candida albicans
12637	5476	candida albicans
12638	5476	candida albicans
1264	5476	candida albicans
12641	5476	candida albicans
12642	5476	candida albicans
12645	5476	candida albicans
12650	5476	candida albicans
12652	5476	candida albicans
12654	5476	candida albicans
12655	5476	candida albicans
12657	5476	candida albicans
12658	5476	candida albicans
12659	5476	candida albicans
12661	5476	candida albicans
12662	5476	candida albicans
12664	5476	candida albicans
1267	5476	candida albicans
12671	5476	candida albicans
12672	5476	candida albicans
12673	5476	candida albicans
12675	5476	candida albicans
12679	5476	candida albicans
1268	5476	candida albicans
12682	5476	candida albicans
12687	5476	candida albicans
12689	5476	candida albicans
12695	5476	candida albicans
12698	5476	candida albicans
12699	5476	candida albicans
1270	5476	candida albicans
12700	5476	candida albicans
12705	5476	candida albicans
12710	5476	candida albicans
12711	5476	candida albicans
12712	5476	candida albicans
12713	5476	candida albicans
12714	5476	candida albicans
12717	5476	candida albicans
12718	5476	candida albicans
12719	5476	candida albicans
1272	5476	candida albicans
12720	5476	candida albicans
12721	5476	candida albicans
12722	5476	candida albicans
12723	5476	candida albicans
12724	5476	candida albicans
12726	5476	candida albicans
12727	5476	candida albicans
12728	5476	candida albicans
1273	5476	candida albicans
12730	5476	candida albicans
12732	5476	candida albicans
12738	5476	candida albicans
12742	5476	candida albicans
12744	5476	candida albicans
12745	5476	candida albicans
12749	5476	candida albicans
12754	5476	candida albicans
12759	5476	candida albicans
1276	5476	candida albicans
12760	5476	candida albicans
12765	5476	candida albicans
12767	5476	candida albicans
12768	5476	candida albicans
12774	5476	candida albicans
12775	5476	candida albicans
12776	5476	candida albicans
12778	5476	candida albicans
12779	5476	candida albicans
12781	5476	candida albicans
12785	5476	candida albicans
12791	5476	candida albicans
12793	5476	candida albicans
12795	5476	candida albicans
12796	5476	candida albicans
12797	5476	candida albicans
12798	5476	candida albicans
12799	5476	candida albicans
1280	5476	candida albicans
12800	5476	candida albicans
12804	5476	candida albicans
12815	5476	candida albicans
12817	5476	candida albicans
12825	5476	candida albicans
12826	5476	candida albicans
12827	5476	candida albicans
1283	5476	candida albicans
12832	5476	candida albicans
12837	5476	candida albicans
12841	5476	candida albicans
12843	5476	candida albicans
12845	5476	candida albicans
12846	5476	candida albicans
12848	5476	candida albicans
1285	5476	candida albicans
12850	5476	candida albicans
12852	5476	candida albicans
12855	5476	candida albicans
12857	5476	candida albicans
12858	5476	candida albicans
12863	5476	candida albicans
12868	5476	candida albicans
12870	5476	candida albicans
12871	5476	candida albicans
12873	5476	candida albicans
12875	5476	candida albicans
12877	5476	candida albicans
12878	5476	candida albicans
12879	5476	candida albicans
1288	5476	candida albicans
12880	5476	candida albicans
12881	5476	candida albicans
12884	5476	candida albicans
12885	5476	candida albicans
12886	5476	candida albicans
12888	5476	candida albicans
1289	5476	candida albicans
12890	5476	candida albicans
12891	5476	candida albicans
12894	5476	candida albicans
12896	5476	candida albicans
12901	5476	candida albicans
12905	5476	candida albicans
12908	5476	candida albicans
12910	5476	candida albicans
12915	5476	candida albicans
12916	5476	candida albicans
12921	5476	candida albicans
12924	5476	candida albicans
12928	5476	candida albicans
12929	5476	candida albicans
1293	5476	candida albicans
12930	5476	candida albicans
12931	5476	candida albicans
12932	5476	candida albicans
12936	5476	candida albicans
12943	5476	candida albicans
12944	5476	candida albicans
12947	5476	candida albicans
12950	5476	candida albicans
12951	5476	candida albicans
12955	5476	candida albicans
12956	5476	candida albicans
12957	5476	candida albicans
12964	5476	candida albicans
12965	5476	candida albicans
12967	5476	candida albicans
1297	5476	candida albicans
12970	5476	candida albicans
12971	5476	candida albicans
12974	5476	candida albicans
12975	5476	candida albicans
12976	5476	candida albicans
12979	5476	candida albicans
12980	5476	candida albicans
12989	5476	candida albicans
1299	5476	candida albicans
12990	5476	candida albicans
12991	5476	candida albicans
12995	5476	candida albicans
12997	5476	candida albicans
130	5476	candida albicans
13002	5476	candida albicans
13006	5476	candida albicans
13008	5476	candida albicans
1301	5476	candida albicans
13011	5476	candida albicans
13017	5476	candida albicans
13019	5476	candida albicans
1302	5476	candida albicans
13020	5476	candida albicans
13021	5476	candida albicans
13022	5476	candida albicans
13024	5476	candida albicans
13026	5476	candida albicans
13035	5476	candida albicans
13038	5476	candida albicans
1304	5476	candida albicans
13044	5476	candida albicans
13046	5476	candida albicans
13048	5476	candida albicans
1305	5476	candida albicans
13050	5476	candida albicans
13053	5476	candida albicans
13054	5476	candida albicans
13056	5476	candida albicans
13057	5476	candida albicans
13058	5476	candida albicans
1306	5476	candida albicans
13061	5476	candida albicans
13063	5476	candida albicans
13066	5476	candida albicans
13068	5476	candida albicans
13069	5476	candida albicans
1307	5476	candida albicans
13073	5476	candida albicans
13074	5476	candida albicans
13078	5476	candida albicans
13079	5476	candida albicans
13080	5476	candida albicans
13082	5476	candida albicans
13086	5476	candida albicans
13090	5476	candida albicans
13099	5476	candida albicans
131	5476	candida albicans
13100	5476	candida albicans
13103	5476	candida albicans
13104	5476	candida albicans
13105	5476	candida albicans
13106	5476	candida albicans
13107	5476	candida albicans
13108	5476	candida albicans
13111	5476	candida albicans
13112	5476	candida albicans
13113	5476	candida albicans
13117	5476	candida albicans
13118	5476	candida albicans
13120	5476	candida albicans
13122	5476	candida albicans
13124	5476	candida albicans
13126	5476	candida albicans
13127	5476	candida albicans
1313	5476	candida albicans
13130	5476	candida albicans
13131	5476	candida albicans
13132	5476	candida albicans
13134	5476	candida albicans
13135	5476	candida albicans
13137	5476	candida albicans
13138	5476	candida albicans
1314	5476	candida albicans
13143	5476	candida albicans
13145	5476	candida albicans
13147	5476	candida albicans
13148	5476	candida albicans
13149	5476	candida albicans
1315	5476	candida albicans
13150	5476	candida albicans
13151	5476	candida albicans
13153	5476	candida albicans
13158	5476	candida albicans
13165	5476	candida albicans
13166	5476	candida albicans
1317	5476	candida albicans
13170	5476	candida albicans
13172	5476	candida albicans
13174	5476	candida albicans
13176	5476	candida albicans
13177	5476	candida albicans
13180	5476	candida albicans
13183	5476	candida albicans
13185	5476	candida albicans
13186	5476	candida albicans
13187	5476	candida albicans
13189	5476	candida albicans
1319	5476	candida albicans
13190	5476	candida albicans
13191	5476	candida albicans
13195	5476	candida albicans
13196	5476	candida albicans
13197	5476	candida albicans
1320	5476	candida albicans
13202	5476	candida albicans
13203	5476	candida albicans
13213	5476	candida albicans
13214	5476	candida albicans
13216	5476	candida albicans
13217	5476	candida albicans
1322	5476	candida albicans
13221	5476	candida albicans
13224	5476	candida albicans
13226	5476	candida albicans
13227	5476	candida albicans
13229	5476	candida albicans
13231	5476	candida albicans
13233	5476	candida albicans
13234	5476	candida albicans
13238	5476	candida albicans
13239	5476	candida albicans
1324	5476	candida albicans
13242	5476	candida albicans
13243	5476	candida albicans
13245	5476	candida albicans
13249	5476	candida albicans
1325	5476	candida albicans
13250	5476	candida albicans
13252	5476	candida albicans
13253	5476	candida albicans
13254	5476	candida albicans
13255	5476	candida albicans
13256	5476	candida albicans
13257	5476	candida albicans
13261	5476	candida albicans
13264	5476	candida albicans
1327	5476	candida albicans
13271	5476	candida albicans
13273	5476	candida albicans
13275	5476	candida albicans
13277	5476	candida albicans
13279	5476	candida albicans
13282	5476	candida albicans
13284	5476	candida albicans
1329	5476	candida albicans
13296	5476	candida albicans
13297	5476	candida albicans
13298	5476	candida albicans
13302	5476	candida albicans
13303	5476	candida albicans
13312	5476	candida albicans
13313	5476	candida albicans
13315	5476	candida albicans
13318	5476	candida albicans
13319	5476	candida albicans
13320	5476	candida albicans
13321	5476	candida albicans
13323	5476	candida albicans
13324	5476	candida albicans
13328	5476	candida albicans
13329	5476	candida albicans
1333	5476	candida albicans
13330	5476	candida albicans
13331	5476	candida albicans
13332	5476	candida albicans
13333	5476	candida albicans
13335	5476	candida albicans
13339	5476	candida albicans
1334	5476	candida albicans
13342	5476	candida albicans
13345	5476	candida albicans
13347	5476	candida albicans
13348	5476	candida albicans
13354	5476	candida albicans
13359	5476	candida albicans
1336	5476	candida albicans
13361	5476	candida albicans
13362	5476	candida albicans
13363	5476	candida albicans
13364	5476	candida albicans
13368	5476	candida albicans
1337	5476	candida albicans
13370	5476	candida albicans
13372	5476	candida albicans
13373	5476	candida albicans
13375	5476	candida albicans
13377	5476	candida albicans
13379	5476	candida albicans
13384	5476	candida albicans
13390	5476	candida albicans
13394	5476	candida albicans
13395	5476	candida albicans
13397	5476	candida albicans
13399	5476	candida albicans
13400	5476	candida albicans
13403	5476	candida albicans
13405	5476	candida albicans
13406	5476	candida albicans
13408	5476	candida albicans
13409	5476	candida albicans
1341	5476	candida albicans
13411	5476	candida albicans
13413	5476	candida albicans
13414	5476	candida albicans
13415	5476	candida albicans
13418	5476	candida albicans
13424	5476	candida albicans
13425	5476	candida albicans
13426	5476	candida albicans
13428	5476	candida albicans
13429	5476	candida albicans
13431	5476	candida albicans
13438	5476	candida albicans
1344	5476	candida albicans
13440	5476	candida albicans
13441	5476	candida albicans
13447	5476	candida albicans
13448	5476	candida albicans
13456	5476	candida albicans
13457	5476	candida albicans
13458	5476	candida albicans
13459	5476	candida albicans
13463	5476	candida albicans
13464	5476	candida albicans
13465	5476	candida albicans
13467	5476	candida albicans
13468	5476	candida albicans
13469	5476	candida albicans
13470	5476	candida albicans
13471	5476	candida albicans
13473	5476	candida albicans
13475	5476	candida albicans
13477	5476	candida albicans
13480	5476	candida albicans
13485	5476	candida albicans
13488	5476	candida albicans
13489	5476	candida albicans
13492	5476	candida albicans
13496	5476	candida albicans
13497	5476	candida albicans
13498	5476	candida albicans
135	5476	candida albicans
1350	5476	candida albicans
13501	5476	candida albicans
13505	5476	candida albicans
13508	5476	candida albicans
13509	5476	candida albicans
13512	5476	candida albicans
13513	5476	candida albicans
13514	5476	candida albicans
13517	5476	candida albicans
13518	5476	candida albicans
1352	5476	candida albicans
13520	5476	candida albicans
13524	5476	candida albicans
13525	5476	candida albicans
13531	5476	candida albicans
13533	5476	candida albicans
13534	5476	candida albicans
13537	5476	candida albicans
13541	5476	candida albicans
13542	5476	candida albicans
13545	5476	candida albicans
13547	5476	candida albicans
13548	5476	candida albicans
13549	5476	candida albicans
13552	5476	candida albicans
13553	5476	candida albicans
13554	5476	candida albicans
13557	5476	candida albicans
13559	5476	candida albicans
13561	5476	candida albicans
13563	5476	candida albicans
13564	5476	candida albicans
13565	5476	candida albicans
13569	5476	candida albicans
13571	5476	candida albicans
13574	5476	candida albicans
13575	5476	candida albicans
1358	5476	candida albicans
13580	5476	candida albicans
13583	5476	candida albicans
13584	5476	candida albicans
13587	5476	candida albicans
13588	5476	candida albicans
1359	5476	candida albicans
13594	5476	candida albicans
13597	5476	candida albicans
136	5476	candida albicans
13600	5476	candida albicans
13608	5476	candida albicans
1361	5476	candida albicans
13612	5476	candida albicans
13614	5476	candida albicans
13615	5476	candida albicans
13618	5476	candida albicans
13619	5476	candida albicans
1362	5476	candida albicans
13621	5476	candida albicans
13625	5476	candida albicans
13626	5476	candida albicans
13627	5476	candida albicans
13632	5476	candida albicans
13633	5476	candida albicans
13638	5476	candida albicans
13642	5476	candida albicans
13644	5476	candida albicans
13645	5476	candida albicans
13648	5476	candida albicans
13649	5476	candida albicans
1365	5476	candida albicans
13650	5476	candida albicans
13656	5476	candida albicans
1366	5476	candida albicans
13664	5476	candida albicans
13669	5476	candida albicans
1367	5476	candida albicans
13671	5476	candida albicans
13675	5476	candida albicans
13677	5476	candida albicans
13680	5476	candida albicans
13683	5476	candida albicans
13685	5476	candida albicans
1369	5476	candida albicans
13692	5476	candida albicans
13698	5476	candida albicans
1370	5476	candida albicans
13701	5476	candida albicans
13702	5476	candida albicans
13704	5476	candida albicans
13706	5476	candida albicans
13707	5476	candida albicans
13709	5476	candida albicans
13712	5476	candida albicans
13716	5476	candida albicans
13718	5476	candida albicans
13719	5476	candida albicans
13726	5476	candida albicans
13731	5476	candida albicans
13734	5476	candida albicans
13738	5476	candida albicans
1374	5476	candida albicans
13742	5476	candida albicans
13746	5476	candida albicans
13747	5476	candida albicans
13748	5476	candida albicans
13753	5476	candida albicans
13756	5476	candida albicans
13757	5476	candida albicans
13758	5476	candida albicans
1376	5476	candida albicans
13760	5476	candida albicans
13762	5476	candida albicans
13765	5476	candida albicans
1377	5476	candida albicans
1378	5476	candida albicans
13781	5476	candida albicans
13786	5476	candida albicans
13787	5476	candida albicans
13789	5476	candida albicans
1379	5476	candida albicans
13792	5476	candida albicans
13797	5476	candida albicans
13798	5476	candida albicans
13799	5476	candida albicans
138	5476	candida albicans
13801	5476	candida albicans
13802	5476	candida albicans
13806	5476	candida albicans
13808	5476	candida albicans
13811	5476	candida albicans
13812	5476	candida albicans
13814	5476	candida albicans
13816	5476	candida albicans
13817	5476	candida albicans
13818	5476	candida albicans
13819	5476	candida albicans
13820	5476	candida albicans
13822	5476	candida albicans
13825	5476	candida albicans
13828	5476	candida albicans
13829	5476	candida albicans
13832	5476	candida albicans
13833	5476	candida albicans
13834	5476	candida albicans
13835	5476	candida albicans
13836	5476	candida albicans
13838	5476	candida albicans
1384	5476	candida albicans
13842	5476	candida albicans
1385	5476	candida albicans
13850	5476	candida albicans
13855	5476	candida albicans
13856	5476	candida albicans
13860	5476	candida albicans
13866	5476	candida albicans
13868	5476	candida albicans
13870	5476	candida albicans
13871	5476	candida albicans
13872	5476	candida albicans
1388	5476	candida albicans
13885	5476	candida albicans
13886	5476	candida albicans
13888	5476	candida albicans
13889	5476	candida albicans
1389	5476	candida albicans
13892	5476	candida albicans
13896	5476	candida albicans
13897	5476	candida albicans
13898	5476	candida albicans
1390	5476	candida albicans
13900	5476	candida albicans
13901	5476	candida albicans
13903	5476	candida albicans
13904	5476	candida albicans
13905	5476	candida albicans
13906	5476	candida albicans
13916	5476	candida albicans
13921	5476	candida albicans
13923	5476	candida albicans
13926	5476	candida albicans
13927	5476	candida albicans
13928	5476	candida albicans
13929	5476	candida albicans
13930	5476	candida albicans
13937	5476	candida albicans
13942	5476	candida albicans
13948	5476	candida albicans
13949	5476	candida albicans
13951	5476	candida albicans
13954	5476	candida albicans
13955	5476	candida albicans
13957	5476	candida albicans
13958	5476	candida albicans
13961	5476	candida albicans
13962	5476	candida albicans
13963	5476	candida albicans
13965	5476	candida albicans
13968	5476	candida albicans
13970	5476	candida albicans
13971	5476	candida albicans
13972	5476	candida albicans
13974	5476	candida albicans
1398	5476	candida albicans
13981	5476	candida albicans
13983	5476	candida albicans
13984	5476	candida albicans
13986	5476	candida albicans
1399	5476	candida albicans
13990	5476	candida albicans
13999	5476	candida albicans
14004	5476	candida albicans
14008	5476	candida albicans
14012	5476	candida albicans
14016	5476	candida albicans
14017	5476	candida albicans
14020	5476	candida albicans
14021	5476	candida albicans
14022	5476	candida albicans
14027	5476	candida albicans
14028	5476	candida albicans
14029	5476	candida albicans
14030	5476	candida albicans
14033	5476	candida albicans
14038	5476	candida albicans
1404	5476	candida albicans
14041	5476	candida albicans
14042	5476	candida albicans
14043	5476	candida albicans
14051	5476	candida albicans
14053	5476	candida albicans
14057	5476	candida albicans
1406	5476	candida albicans
14060	5476	candida albicans
14064	5476	candida albicans
14067	5476	candida albicans
14069	5476	candida albicans
14071	5476	candida albicans
14074	5476	candida albicans
14075	5476	candida albicans
14077	5476	candida albicans
1408	5476	candida albicans
14085	5476	candida albicans
14088	5476	candida albicans
14089	5476	candida albicans
14090	5476	candida albicans
14091	5476	candida albicans
14095	5476	candida albicans
14097	5476	candida albicans
141	5476	candida albicans
1410	5476	candida albicans
14105	5476	candida albicans
14107	5476	candida albicans
14110	5476	candida albicans
14115	5476	candida albicans
14116	5476	candida albicans
14118	5476	candida albicans
1412	5476	candida albicans
14123	5476	candida albicans
14124	5476	candida albicans
14125	5476	candida albicans
14127	5476	candida albicans
14130	5476	candida albicans
14131	5476	candida albicans
14133	5476	candida albicans
14134	5476	candida albicans
14135	5476	candida albicans
14140	5476	candida albicans
14141	5476	candida albicans
14145	5476	candida albicans
14149	5476	candida albicans
1415	5476	candida albicans
14152	5476	candida albicans
1416	5476	candida albicans
14160	5476	candida albicans
14162	5476	candida albicans
14164	5476	candida albicans
14165	5476	candida albicans
14170	5476	candida albicans
14175	5476	candida albicans
14176	5476	candida albicans
14182	5476	candida albicans
14183	5476	candida albicans
14184	5476	candida albicans
14186	5476	candida albicans
14187	5476	candida albicans
14191	5476	candida albicans
14193	5476	candida albicans
14194	5476	candida albicans
14195	5476	candida albicans
14196	5476	candida albicans
14198	5476	candida albicans
14199	5476	candida albicans
1420	5476	candida albicans
14201	5476	candida albicans
14203	5476	candida albicans
14207	5476	candida albicans
14208	5476	candida albicans
14212	5476	candida albicans
14214	5476	candida albicans
14215	5476	candida albicans
14217	5476	candida albicans
14218	5476	candida albicans
14219	5476	candida albicans
14221	5476	candida albicans
14223	5476	candida albicans
14227	5476	candida albicans
14231	5476	candida albicans
14233	5476	candida albicans
14235	5476	candida albicans
14237	5476	candida albicans
14238	5476	candida albicans
14241	5476	candida albicans
14243	5476	candida albicans
14244	5476	candida albicans
14247	5476	candida albicans
14248	5476	candida albicans
14249	5476	candida albicans
14252	5476	candida albicans
14255	5476	candida albicans
14257	5476	candida albicans
14263	5476	candida albicans
14266	5476	candida albicans
14269	5476	candida albicans
1427	5476	candida albicans
14272	5476	candida albicans
14277	5476	candida albicans
1428	5476	candida albicans
14280	5476	candida albicans
14283	5476	candida albicans
14284	5476	candida albicans
14285	5476	candida albicans
14286	5476	candida albicans
14287	5476	candida albicans
14288	5476	candida albicans
14291	5476	candida albicans
14293	5476	candida albicans
14299	5476	candida albicans
1430	5476	candida albicans
14301	5476	candida albicans
14303	5476	candida albicans
14304	5476	candida albicans
14306	5476	candida albicans
14307	5476	candida albicans
14314	5476	candida albicans
14315	5476	candida albicans
14317	5476	candida albicans
14319	5476	candida albicans
14321	5476	candida albicans
14325	5476	candida albicans
14329	5476	candida albicans
1433	5476	candida albicans
14330	5476	candida albicans
14333	5476	candida albicans
14335	5476	candida albicans
14336	5476	candida albicans
14341	5476	candida albicans
14351	5476	candida albicans
14352	5476	candida albicans
14353	5476	candida albicans
14354	5476	candida albicans
14357	5476	candida albicans
14367	5476	candida albicans
14372	5476	candida albicans
14373	5476	candida albicans
14374	5476	candida albicans
14377	5476	candida albicans
14378	5476	candida albicans
14379	5476	candida albicans
14380	5476	candida albicans
14382	5476	candida albicans
14383	5476	candida albicans
14385	5476	candida albicans
14386	5476	candida albicans
14387	5476	candida albicans
14388	5476	candida albicans
14389	5476	candida albicans
14390	5476	candida albicans
14394	5476	candida albicans
14395	5476	candida albicans
14396	5476	candida albicans
1440	5476	candida albicans
14400	5476	candida albicans
14405	5476	candida albicans
14406	5476	candida albicans
14408	5476	candida albicans
14410	5476	candida albicans
14412	5476	candida albicans
14426	5476	candida albicans
14427	5476	candida albicans
14428	5476	candida albicans
14431	5476	candida albicans
14433	5476	candida albicans
14437	5476	candida albicans
14442	5476	candida albicans
14447	5476	candida albicans
14448	5476	candida albicans
1445	5476	candida albicans
14450	5476	candida albicans
14454	5476	candida albicans
1446	5476	candida albicans
14460	5476	candida albicans
14463	5476	candida albicans
14466	5476	candida albicans
14471	5476	candida albicans
14473	5476	candida albicans
14475	5476	candida albicans
14479	5476	candida albicans
1448	5476	candida albicans
14481	5476	candida albicans
14488	5476	candida albicans
14489	5476	candida albicans
14490	5476	candida albicans
14491	5476	candida albicans
14492	5476	candida albicans
14496	5476	candida albicans
14497	5476	candida albicans
14498	5476	candida albicans
1450	5476	candida albicans
14501	5476	candida albicans
14503	5476	candida albicans
14504	5476	candida albicans
14506	5476	candida albicans
14508	5476	candida albicans
14509	5476	candida albicans
1451	5476	candida albicans
14510	5476	candida albicans
14511	5476	candida albicans
14513	5476	candida albicans
14519	5476	candida albicans
14520	5476	candida albicans
14522	5476	candida albicans
14523	5476	candida albicans
14524	5476	candida albicans
14527	5476	candida albicans
14528	5476	candida albicans
1453	5476	candida albicans
14531	5476	candida albicans
14538	5476	candida albicans
14539	5476	candida albicans
1454	5476	candida albicans
14541	5476	candida albicans
14542	5476	candida albicans
14545	5476	candida albicans
14546	5476	candida albicans
14548	5476	candida albicans
14549	5476	candida albicans
14550	5476	candida albicans
14553	5476	candida albicans
14555	5476	candida albicans
14556	5476	candida albicans
14558	5476	candida albicans
1456	5476	candida albicans
14560	5476	candida albicans
14563	5476	candida albicans
14566	5476	candida albicans
14570	5476	candida albicans
14576	5476	candida albicans
1458	5476	candida albicans
14580	5476	candida albicans
14581	5476	candida albicans
14582	5476	candida albicans
14583	5476	candida albicans
14584	5476	candida albicans
14585	5476	candida albicans
14586	5476	candida albicans
14587	5476	candida albicans
14588	5476	candida albicans
1459	5476	candida albicans
14592	5476	candida albicans
14597	5476	candida albicans
14599	5476	candida albicans
1460	5476	candida albicans
14600	5476	candida albicans
14601	5476	candida albicans
14603	5476	candida albicans
14604	5476	candida albicans
14606	5476	candida albicans
14607	5476	candida albicans
14608	5476	candida albicans
14609	5476	candida albicans
14614	5476	candida albicans
14617	5476	candida albicans
14618	5476	candida albicans
14619	5476	candida albicans
1462	5476	candida albicans
14620	5476	candida albicans
14625	5476	candida albicans
14626	5476	candida albicans
14636	5476	candida albicans
14637	5476	candida albicans
14638	5476	candida albicans
14640	5476	candida albicans
14643	5476	candida albicans
14644	5476	candida albicans
14645	5476	candida albicans
14646	5476	candida albicans
14651	5476	candida albicans
14653	5476	candida albicans
14654	5476	candida albicans
14655	5476	candida albicans
14663	5476	candida albicans
14664	5476	candida albicans
14669	5476	candida albicans
14671	5476	candida albicans
14674	5476	candida albicans
14677	5476	candida albicans
14678	5476	candida albicans
14679	5476	candida albicans
1468	5476	candida albicans
14680	5476	candida albicans
14683	5476	candida albicans
14684	5476	candida albicans
14686	5476	candida albicans
14687	5476	candida albicans
14688	5476	candida albicans
1469	5476	candida albicans
14693	5476	candida albicans
14694	5476	candida albicans
14697	5476	candida albicans
147	5476	candida albicans
14700	5476	candida albicans
14701	5476	candida albicans
14704	5476	candida albicans
14709	5476	candida albicans
14713	5476	candida albicans
14715	5476	candida albicans
14716	5476	candida albicans
1472	5476	candida albicans
14725	5476	candida albicans
14729	5476	candida albicans
14730	5476	candida albicans
14735	5476	candida albicans
14736	5476	candida albicans
14739	5476	candida albicans
1474	5476	candida albicans
14740	5476	candida albicans
14742	5476	candida albicans
14744	5476	candida albicans
14745	5476	candida albicans
14752	5476	candida albicans
14753	5476	candida albicans
14754	5476	candida albicans
14755	5476	candida albicans
14759	5476	candida albicans
14762	5476	candida albicans
14764	5476	candida albicans
14765	5476	candida albicans
14766	5476	candida albicans
14777	5476	candida albicans
14782	5476	candida albicans
14786	5476	candida albicans
1479	5476	candida albicans
14803	5476	candida albicans
14808	5476	candida albicans
14813	5476	candida albicans
14816	5476	candida albicans
14825	5476	candida albicans
14832	5476	candida albicans
14836	5476	candida albicans
14839	5476	candida albicans
1484	5476	candida albicans
14840	5476	candida albicans
14842	5476	candida albicans
14846	5476	candida albicans
14848	5476	candida albicans
14853	5476	candida albicans
14854	5476	candida albicans
14855	5476	candida albicans
14858	5476	candida albicans
14865	5476	candida albicans
14866	5476	candida albicans
14867	5476	candida albicans
1487	5476	candida albicans
14873	5476	candida albicans
14877	5476	candida albicans
1488	5476	candida albicans
14880	5476	candida albicans
14884	5476	candida albicans
14886	5476	candida albicans
14887	5476	candida albicans
14891	5476	candida albicans
14892	5476	candida albicans
14893	5476	candida albicans
14894	5476	candida albicans
14895	5476	candida albicans
14897	5476	candida albicans
1490	5476	candida albicans
14901	5476	candida albicans
14902	5476	candida albicans
14906	5476	candida albicans
14907	5476	candida albicans
14911	5476	candida albicans
1492	5476	candida albicans
14921	5476	candida albicans
14924	5476	candida albicans
14925	5476	candida albicans
14927	5476	candida albicans
14930	5476	candida albicans
14932	5476	candida albicans
14934	5476	candida albicans
14941	5476	candida albicans
14944	5476	candida albicans
14946	5476	candida albicans
14948	5476	candida albicans
1495	5476	candida albicans
14954	5476	candida albicans
14955	5476	candida albicans
14956	5476	candida albicans
14957	5476	candida albicans
1496	5476	candida albicans
14962	5476	candida albicans
14963	5476	candida albicans
14964	5476	candida albicans
14965	5476	candida albicans
14967	5476	candida albicans
14968	5476	candida albicans
14970	5476	candida albicans
14972	5476	candida albicans
14975	5476	candida albicans
14977	5476	candida albicans
14979	5476	candida albicans
14981	5476	candida albicans
14984	5476	candida albicans
14985	5476	candida albicans
14987	5476	candida albicans
14988	5476	candida albicans
14993	5476	candida albicans
14996	5476	candida albicans
14999	5476	candida albicans
150	5476	candida albicans
1500	5476	candida albicans
15003	5476	candida albicans
15005	5476	candida albicans
15008	5476	candida albicans
1501	5476	candida albicans
15010	5476	candida albicans
15011	5476	candida albicans
15013	5476	candida albicans
15016	5476	candida albicans
15018	5476	candida albicans
15019	5476	candida albicans
15024	5476	candida albicans
15025	5476	candida albicans
15027	5476	candida albicans
15032	5476	candida albicans
15033	5476	candida albicans
15035	5476	candida albicans
15037	5476	candida albicans
15038	5476	candida albicans
15039	5476	candida albicans
15049	5476	candida albicans
1505	5476	candida albicans
15051	5476	candida albicans
15053	5476	candida albicans
15063	5476	candida albicans
15064	5476	candida albicans
15065	5476	candida albicans
15067	5476	candida albicans
15069	5476	candida albicans
15073	5476	candida albicans
15074	5476	candida albicans
15077	5476	candida albicans
15079	5476	candida albicans
1508	5476	candida albicans
15080	5476	candida albicans
15081	5476	candida albicans
15088	5476	candida albicans
15090	5476	candida albicans
15095	5476	candida albicans
15096	5476	candida albicans
151	5476	candida albicans
15100	5476	candida albicans
15103	5476	candida albicans
15104	5476	candida albicans
15105	5476	candida albicans
15106	5476	candida albicans
15107	5476	candida albicans
15108	5476	candida albicans
15112	5476	candida albicans
15114	5476	candida albicans
15115	5476	candida albicans
15116	5476	candida albicans
15117	5476	candida albicans
15118	5476	candida albicans
15119	5476	candida albicans
1512	5476	candida albicans
15120	5476	candida albicans
15124	5476	candida albicans
15128	5476	candida albicans
15129	5476	candida albicans
15137	5476	candida albicans
15138	5476	candida albicans
15139	5476	candida albicans
15142	5476	candida albicans
15144	5476	candida albicans
15145	5476	candida albicans
15146	5476	candida albicans
15147	5476	candida albicans
15150	5476	candida albicans
15154	5476	candida albicans
15159	5476	candida albicans
1516	5476	candida albicans
15162	5476	candida albicans
15165	5476	candida albicans
15168	5476	candida albicans
15176	5476	candida albicans
15177	5476	candida albicans
1518	5476	candida albicans
15182	5476	candida albicans
15183	5476	candida albicans
15187	5476	candida albicans
15188	5476	candida albicans
15190	5476	candida albicans
15195	5476	candida albicans
15196	5476	candida albicans
152	5476	candida albicans
15200	5476	candida albicans
15201	5476	candida albicans
15202	5476	candida albicans
15207	5476	candida albicans
15211	5476	candida albicans
15213	5476	candida albicans
15218	5476	candida albicans
1522	5476	candida albicans
15221	5476	candida albicans
15223	5476	candida albicans
15224	5476	candida albicans
15225	5476	candida albicans
15226	5476	candida albicans
15230	5476	candida albicans
15232	5476	candida albicans
15234	5476	candida albicans
15237	5476	candida albicans
15238	5476	candida albicans
15240	5476	candida albicans
15243	5476	candida albicans
15247	5476	candida albicans
15250	5476	candida albicans
15251	5476	candida albicans
15253	5476	candida albicans
15259	5476	candida albicans
1526	5476	candida albicans
15260	5476	candida albicans
15261	5476	candida albicans
15262	5476	candida albicans
15263	5476	candida albicans
15266	5476	candida albicans
15268	5476	candida albicans
15269	5476	candida albicans
15270	5476	candida albicans
15271	5476	candida albicans
15273	5476	candida albicans
1528	5476	candida albicans
15280	5476	candida albicans
15283	5476	candida albicans
15286	5476	candida albicans
15288	5476	candida albicans
15289	5476	candida albicans
15294	5476	candida albicans
15299	5476	candida albicans
1530	5476	candida albicans
15306	5476	candida albicans
15308	5476	candida albicans
15310	5476	candida albicans
15312	5476	candida albicans
15316	5476	candida albicans
1532	5476	candida albicans
15320	5476	candida albicans
15329	5476	candida albicans
15331	5476	candida albicans
15333	5476	candida albicans
15334	5476	candida albicans
15335	5476	candida albicans
15340	5476	candida albicans
15342	5476	candida albicans
15343	5476	candida albicans
15344	5476	candida albicans
15355	5476	candida albicans
15358	5476	candida albicans
15359	5476	candida albicans
1536	5476	candida albicans
15360	5476	candida albicans
15363	5476	candida albicans
15366	5476	candida albicans
15367	5476	candida albicans
15371	5476	candida albicans
15375	5476	candida albicans
15376	5476	candida albicans
15378	5476	candida albicans
15379	5476	candida albicans
15380	5476	candida albicans
15381	5476	candida albicans
15384	5476	candida albicans
15385	5476	candida albicans
15386	5476	candida albicans
15389	5476	candida albicans
1539	5476	candida albicans
15391	5476	candida albicans
15392	5476	candida albicans
15396	5476	candida albicans
15398	5476	candida albicans
15399	5476	candida albicans
15402	5476	candida albicans
15409	5476	candida albicans
15411	5476	candida albicans
15415	5476	candida albicans
15416	5476	candida albicans
15417	5476	candida albicans
15420	5476	candida albicans
15422	5476	candida albicans
15423	5476	candida albicans
15427	5476	candida albicans
15431	5476	candida albicans
15432	5476	candida albicans
15434	5476	candida albicans
15435	5476	candida albicans
15436	5476	candida albicans
15441	5476	candida albicans
15445	5476	candida albicans
15448	5476	candida albicans
15450	5476	candida albicans
15452	5476	candida albicans
15454	5476	candida albicans
15455	5476	candida albicans
15456	5476	candida albicans
1546	5476	candida albicans
15460	5476	candida albicans
15461	5476	candida albicans
15462	5476	candida albicans
15465	5476	candida albicans
15466	5476	candida albicans
15474	5476	candida albicans
15480	5476	candida albicans
15481	5476	candida albicans
15482	5476	candida albicans
15485	5476	candida albicans
15488	5476	candida albicans
15493	5476	candida albicans
15498	5476	candida albicans
15505	5476	candida albicans
15508	5476	candida albicans
1551	5476	candida albicans
15512	5476	candida albicans
15513	5476	candida albicans
15514	5476	candida albicans
15515	5476	candida albicans
15516	5476	candida albicans
1552	5476	candida albicans
15520	5476	candida albicans
15522	5476	candida albicans
15523	5476	candida albicans
15524	5476	candida albicans
15538	5476	candida albicans
15539	5476	candida albicans
15541	5476	candida albicans
15545	5476	candida albicans
15549	5476	candida albicans
1555	5476	candida albicans
15552	5476	candida albicans
15553	5476	candida albicans
15557	5476	candida albicans
15558	5476	candida albicans
1556	5476	candida albicans
15561	5476	candida albicans
15562	5476	candida albicans
15566	5476	candida albicans
15567	5476	candida albicans
1557	5476	candida albicans
15572	5476	candida albicans
15576	5476	candida albicans
15581	5476	candida albicans
15583	5476	candida albicans
15584	5476	candida albicans
15586	5476	candida albicans
15589	5476	candida albicans
1559	5476	candida albicans
15591	5476	candida albicans
15592	5476	candida albicans
15597	5476	candida albicans
15598	5476	candida albicans
15599	5476	candida albicans
156	5476	candida albicans
15600	5476	candida albicans
15601	5476	candida albicans
15602	5476	candida albicans
15603	5476	candida albicans
15604	5476	candida albicans
15606	5476	candida albicans
15607	5476	candida albicans
15608	5476	candida albicans
15611	5476	candida albicans
15613	5476	candida albicans
15614	5476	candida albicans
15616	5476	candida albicans
1562	5476	candida albicans
15622	5476	candida albicans
15623	5476	candida albicans
15624	5476	candida albicans
15626	5476	candida albicans
15628	5476	candida albicans
1563	5476	candida albicans
15630	5476	candida albicans
15631	5476	candida albicans
15632	5476	candida albicans
15634	5476	candida albicans
15638	5476	candida albicans
1564	5476	candida albicans
15641	5476	candida albicans
15642	5476	candida albicans
15643	5476	candida albicans
15646	5476	candida albicans
15647	5476	candida albicans
15649	5476	candida albicans
1565	5476	candida albicans
15654	5476	candida albicans
15655	5476	candida albicans
15658	5476	candida albicans
15659	5476	candida albicans
1566	5476	candida albicans
15661	5476	candida albicans
15666	5476	candida albicans
15668	5476	candida albicans
1567	5476	candida albicans
15670	5476	candida albicans
15674	5476	candida albicans
15679	5476	candida albicans
1568	5476	candida albicans
15683	5476	candida albicans
15684	5476	candida albicans
15685	5476	candida albicans
15686	5476	candida albicans
15687	5476	candida albicans
15689	5476	candida albicans
1569	5476	candida albicans
15693	5476	candida albicans
15695	5476	candida albicans
15696	5476	candida albicans
15697	5476	candida albicans
15699	5476	candida albicans
15700	5476	candida albicans
15703	5476	candida albicans
15704	5476	candida albicans
15705	5476	candida albicans
15707	5476	candida albicans
15709	5476	candida albicans
15710	5476	candida albicans
15711	5476	candida albicans
15712	5476	candida albicans
15713	5476	candida albicans
15714	5476	candida albicans
15716	5476	candida albicans
15719	5476	candida albicans
1572	5476	candida albicans
15720	5476	candida albicans
15721	5476	candida albicans
15723	5476	candida albicans
15732	5476	candida albicans
15734	5476	candida albicans
15735	5476	candida albicans
15736	5476	candida albicans
15740	5476	candida albicans
15741	5476	candida albicans
15742	5476	candida albicans
15745	5476	candida albicans
15748	5476	candida albicans
15749	5476	candida albicans
15750	5476	candida albicans
15751	5476	candida albicans
15752	5476	candida albicans
15756	5476	candida albicans
15768	5476	candida albicans
1577	5476	candida albicans
15770	5476	candida albicans
15772	5476	candida albicans
15775	5476	candida albicans
15776	5476	candida albicans
15778	5476	candida albicans
15779	5476	candida albicans
1578	5476	candida albicans
15780	5476	candida albicans
15782	5476	candida albicans
15784	5476	candida albicans
15786	5476	candida albicans
15787	5476	candida albicans
1579	5476	candida albicans
15792	5476	candida albicans
15793	5476	candida albicans
1580	5476	candida albicans
15800	5476	candida albicans
15804	5476	candida albicans
15805	5476	candida albicans
15806	5476	candida albicans
15807	5476	candida albicans
15808	5476	candida albicans
15809	5476	candida albicans
15810	5476	candida albicans
15812	5476	candida albicans
15813	5476	candida albicans
15814	5476	candida albicans
15817	5476	candida albicans
15818	5476	candida albicans
15819	5476	candida albicans
15822	5476	candida albicans
15825	5476	candida albicans
15826	5476	candida albicans
15827	5476	candida albicans
15829	5476	candida albicans
15839	5476	candida albicans
15841	5476	candida albicans
15842	5476	candida albicans
15843	5476	candida albicans
15845	5476	candida albicans
1585	5476	candida albicans
15851	5476	candida albicans
15852	5476	candida albicans
15855	5476	candida albicans
15856	5476	candida albicans
15857	5476	candida albicans
15858	5476	candida albicans
15861	5476	candida albicans
15866	5476	candida albicans
15867	5476	candida albicans
15869	5476	candida albicans
15870	5476	candida albicans
15875	5476	candida albicans
15877	5476	candida albicans
15879	5476	candida albicans
15884	5476	candida albicans
15888	5476	candida albicans
1589	5476	candida albicans
15891	5476	candida albicans
15897	5476	candida albicans
1590	5476	candida albicans
15900	5476	candida albicans
15901	5476	candida albicans
15905	5476	candida albicans
15907	5476	candida albicans
1591	5476	candida albicans
15910	5476	candida albicans
15914	5476	candida albicans
15915	5476	candida albicans
15917	5476	candida albicans
1592	5476	candida albicans
15921	5476	candida albicans
15925	5476	candida albicans
15926	5476	candida albicans
15927	5476	candida albicans
15928	5476	candida albicans
15932	5476	candida albicans
15933	5476	candida albicans
1594	5476	candida albicans
15941	5476	candida albicans
15943	5476	candida albicans
15946	5476	candida albicans
15947	5476	candida albicans
15948	5476	candida albicans
1595	5476	candida albicans
15952	5476	candida albicans
15954	5476	candida albicans
15956	5476	candida albicans
1596	5476	candida albicans
15960	5476	candida albicans
15962	5476	candida albicans
15963	5476	candida albicans
15964	5476	candida albicans
15965	5476	candida albicans
1597	5476	candida albicans
15975	5476	candida albicans
15977	5476	candida albicans
15978	5476	candida albicans
1598	5476	candida albicans
15980	5476	candida albicans
15982	5476	candida albicans
15983	5476	candida albicans
15988	5476	candida albicans
15989	5476	candida albicans
15990	5476	candida albicans
15991	5476	candida albicans
15992	5476	candida albicans
15995	5476	candida albicans
15996	5476	candida albicans
15997	5476	candida albicans
15999	5476	candida albicans
16	5476	candida albicans
16002	5476	candida albicans
16006	5476	candida albicans
16007	5476	candida albicans
16009	5476	candida albicans
1601	5476	candida albicans
16010	5476	candida albicans
16011	5476	candida albicans
16012	5476	candida albicans
16018	5476	candida albicans
1602	5476	candida albicans
16020	5476	candida albicans
16023	5476	candida albicans
16026	5476	candida albicans
16028	5476	candida albicans
16029	5476	candida albicans
16035	5476	candida albicans
16037	5476	candida albicans
16039	5476	candida albicans
16041	5476	candida albicans
16043	5476	candida albicans
16044	5476	candida albicans
16046	5476	candida albicans
16049	5476	candida albicans
1605	5476	candida albicans
16051	5476	candida albicans
16052	5476	candida albicans
16055	5476	candida albicans
16056	5476	candida albicans
1606	5476	candida albicans
16061	5476	candida albicans
16068	5476	candida albicans
16069	5476	candida albicans
16075	5476	candida albicans
16076	5476	candida albicans
16080	5476	candida albicans
16081	5476	candida albicans
16086	5476	candida albicans
16090	5476	candida albicans
16095	5476	candida albicans
16097	5476	candida albicans
1610	5476	candida albicans
16101	5476	candida albicans
16102	5476	candida albicans
16104	5476	candida albicans
16106	5476	candida albicans
16108	5476	candida albicans
16115	5476	candida albicans
16118	5476	candida albicans
16120	5476	candida albicans
16123	5476	candida albicans
16126	5476	candida albicans
16133	5476	candida albicans
16136	5476	candida albicans
16137	5476	candida albicans
16138	5476	candida albicans
16139	5476	candida albicans
16140	5476	candida albicans
16141	5476	candida albicans
16142	5476	candida albicans
16146	5476	candida albicans
1615	5476	candida albicans
16150	5476	candida albicans
16151	5476	candida albicans
16152	5476	candida albicans
16153	5476	candida albicans
16154	5476	candida albicans
16156	5476	candida albicans
16157	5476	candida albicans
16168	5476	candida albicans
16170	5476	candida albicans
16171	5476	candida albicans
16176	5476	candida albicans
16178	5476	candida albicans
1618	5476	candida albicans
16181	5476	candida albicans
16182	5476	candida albicans
16186	5476	candida albicans
16189	5476	candida albicans
16191	5476	candida albicans
16193	5476	candida albicans
16194	5476	candida albicans
162	5476	candida albicans
16200	5476	candida albicans
16201	5476	candida albicans
16205	5476	candida albicans
16208	5476	candida albicans
16210	5476	candida albicans
16211	5476	candida albicans
16212	5476	candida albicans
16214	5476	candida albicans
16215	5476	candida albicans
16216	5476	candida albicans
16217	5476	candida albicans
16219	5476	candida albicans
1622	5476	candida albicans
16220	5476	candida albicans
16223	5476	candida albicans
16229	5476	candida albicans
1623	5476	candida albicans
16231	5476	candida albicans
16232	5476	candida albicans
16234	5476	candida albicans
16235	5476	candida albicans
16236	5476	candida albicans
16237	5476	candida albicans
16238	5476	candida albicans
16239	5476	candida albicans
16242	5476	candida albicans
16243	5476	candida albicans
16244	5476	candida albicans
16249	5476	candida albicans
16251	5476	candida albicans
16256	5476	candida albicans
16258	5476	candida albicans
1626	5476	candida albicans
16264	5476	candida albicans
16266	5476	candida albicans
16267	5476	candida albicans
16271	5476	candida albicans
16274	5476	candida albicans
16276	5476	candida albicans
16277	5476	candida albicans
16279	5476	candida albicans
1628	5476	candida albicans
16281	5476	candida albicans
16291	5476	candida albicans
16293	5476	candida albicans
16294	5476	candida albicans
16296	5476	candida albicans
16297	5476	candida albicans
16298	5476	candida albicans
16299	5476	candida albicans
16303	5476	candida albicans
16307	5476	candida albicans
16312	5476	candida albicans
16313	5476	candida albicans
16314	5476	candida albicans
1632	5476	candida albicans
16324	5476	candida albicans
16326	5476	candida albicans
16327	5476	candida albicans
1633	5476	candida albicans
16332	5476	candida albicans
16334	5476	candida albicans
16335	5476	candida albicans
16336	5476	candida albicans
16342	5476	candida albicans
16343	5476	candida albicans
16345	5476	candida albicans
16351	5476	candida albicans
16352	5476	candida albicans
16353	5476	candida albicans
16354	5476	candida albicans
16355	5476	candida albicans
16357	5476	candida albicans
1636	5476	candida albicans
16360	5476	candida albicans
16363	5476	candida albicans
16369	5476	candida albicans
16374	5476	candida albicans
1638	5476	candida albicans
16380	5476	candida albicans
16381	5476	candida albicans
16385	5476	candida albicans
16390	5476	candida albicans
16392	5476	candida albicans
16394	5476	candida albicans
16395	5476	candida albicans
164	5476	candida albicans
1640	5476	candida albicans
16401	5476	candida albicans
16403	5476	candida albicans
16404	5476	candida albicans
16405	5476	candida albicans
16407	5476	candida albicans
16408	5476	candida albicans
16409	5476	candida albicans
16412	5476	candida albicans
16413	5476	candida albicans
16414	5476	candida albicans
16415	5476	candida albicans
1642	5476	candida albicans
16420	5476	candida albicans
16423	5476	candida albicans
16425	5476	candida albicans
16429	5476	candida albicans
16431	5476	candida albicans
16436	5476	candida albicans
16437	5476	candida albicans
16440	5476	candida albicans
16443	5476	candida albicans
16445	5476	candida albicans
1645	5476	candida albicans
16450	5476	candida albicans
16455	5476	candida albicans
16456	5476	candida albicans
16458	5476	candida albicans
16459	5476	candida albicans
16460	5476	candida albicans
16462	5476	candida albicans
16463	5476	candida albicans
16464	5476	candida albicans
16467	5476	candida albicans
16468	5476	candida albicans
16469	5476	candida albicans
1647	5476	candida albicans
16476	5476	candida albicans
16481	5476	candida albicans
16482	5476	candida albicans
16483	5476	candida albicans
16486	5476	candida albicans
16487	5476	candida albicans
16488	5476	candida albicans
1649	5476	candida albicans
16490	5476	candida albicans
16491	5476	candida albicans
16493	5476	candida albicans
16495	5476	candida albicans
16496	5476	candida albicans
16500	5476	candida albicans
16502	5476	candida albicans
16509	5476	candida albicans
16511	5476	candida albicans
16512	5476	candida albicans
16515	5476	candida albicans
1652	5476	candida albicans
16522	5476	candida albicans
16523	5476	candida albicans
16525	5476	candida albicans
16528	5476	candida albicans
16531	5476	candida albicans
16536	5476	candida albicans
16537	5476	candida albicans
16538	5476	candida albicans
16539	5476	candida albicans
16547	5476	candida albicans
16548	5476	candida albicans
1655	5476	candida albicans
16551	5476	candida albicans
16552	5476	candida albicans
16553	5476	candida albicans
16556	5476	candida albicans
16559	5476	candida albicans
16563	5476	candida albicans
16564	5476	candida albicans
16567	5476	candida albicans
16570	5476	candida albicans
16575	5476	candida albicans
16576	5476	candida albicans
16580	5476	candida albicans
16581	5476	candida albicans
16583	5476	candida albicans
16585	5476	candida albicans
16588	5476	candida albicans
16589	5476	candida albicans
1659	5476	candida albicans
16591	5476	candida albicans
16592	5476	candida albicans
16597	5476	candida albicans
16598	5476	candida albicans
166	5476	candida albicans
1660	5476	candida albicans
16601	5476	candida albicans
16607	5476	candida albicans
16608	5476	candida albicans
16609	5476	candida albicans
16612	5476	candida albicans
16616	5476	candida albicans
16617	5476	candida albicans
16619	5476	candida albicans
16621	5476	candida albicans
16623	5476	candida albicans
16624	5476	candida albicans
16625	5476	candida albicans
16626	5476	candida albicans
16629	5476	candida albicans
1663	5476	candida albicans
16631	5476	candida albicans
16632	5476	candida albicans
16635	5476	candida albicans
16638	5476	candida albicans
1664	5476	candida albicans
16640	5476	candida albicans
16641	5476	candida albicans
16642	5476	candida albicans
16645	5476	candida albicans
16647	5476	candida albicans
16648	5476	candida albicans
16649	5476	candida albicans
16652	5476	candida albicans
16653	5476	candida albicans
16655	5476	candida albicans
16657	5476	candida albicans
16659	5476	candida albicans
16663	5476	candida albicans
16666	5476	candida albicans
16671	5476	candida albicans
16673	5476	candida albicans
16674	5476	candida albicans
16678	5476	candida albicans
16679	5476	candida albicans
1668	5476	candida albicans
16680	5476	candida albicans
16683	5476	candida albicans
16684	5476	candida albicans
16686	5476	candida albicans
16687	5476	candida albicans
16690	5476	candida albicans
16699	5476	candida albicans
16700	5476	candida albicans
16703	5476	candida albicans
16706	5476	candida albicans
1671	5476	candida albicans
16710	5476	candida albicans
16713	5476	candida albicans
16715	5476	candida albicans
16717	5476	candida albicans
16720	5476	candida albicans
16722	5476	candida albicans
16723	5476	candida albicans
16725	5476	candida albicans
16727	5476	candida albicans
16728	5476	candida albicans
16730	5476	candida albicans
16733	5476	candida albicans
16735	5476	candida albicans
16736	5476	candida albicans
16737	5476	candida albicans
16754	5476	candida albicans
16756	5476	candida albicans
16760	5476	candida albicans
16762	5476	candida albicans
16767	5476	candida albicans
16776	5476	candida albicans
16777	5476	candida albicans
16779	5476	candida albicans
16780	5476	candida albicans
16781	5476	candida albicans
16782	5476	candida albicans
16785	5476	candida albicans
16786	5476	candida albicans
16788	5476	candida albicans
16793	5476	candida albicans
16795	5476	candida albicans
16797	5476	candida albicans
16799	5476	candida albicans
16800	5476	candida albicans
16806	5476	candida albicans
16808	5476	candida albicans
16816	5476	candida albicans
1682	5476	candida albicans
16821	5476	candida albicans
16827	5476	candida albicans
16831	5476	candida albicans
16834	5476	candida albicans
16837	5476	candida albicans
16840	5476	candida albicans
16842	5476	candida albicans
16846	5476	candida albicans
16849	5476	candida albicans
16850	5476	candida albicans
16852	5476	candida albicans
16854	5476	candida albicans
16855	5476	candida albicans
16861	5476	candida albicans
16862	5476	candida albicans
16866	5476	candida albicans
16868	5476	candida albicans
16869	5476	candida albicans
16872	5476	candida albicans
16877	5476	candida albicans
16878	5476	candida albicans
1688	5476	candida albicans
16882	5476	candida albicans
16885	5476	candida albicans
16887	5476	candida albicans
1689	5476	candida albicans
16891	5476	candida albicans
16893	5476	candida albicans
16896	5476	candida albicans
16897	5476	candida albicans
16898	5476	candida albicans
16901	5476	candida albicans
16904	5476	candida albicans
16907	5476	candida albicans
1691	5476	candida albicans
16910	5476	candida albicans
16914	5476	candida albicans
16915	5476	candida albicans
16920	5476	candida albicans
16923	5476	candida albicans
16924	5476	candida albicans
16925	5476	candida albicans
16926	5476	candida albicans
16928	5476	candida albicans
1693	5476	candida albicans
16932	5476	candida albicans
16935	5476	candida albicans
16936	5476	candida albicans
16937	5476	candida albicans
16944	5476	candida albicans
16946	5476	candida albicans
16950	5476	candida albicans
16951	5476	candida albicans
16952	5476	candida albicans
16953	5476	candida albicans
16955	5476	candida albicans
1696	5476	candida albicans
16964	5476	candida albicans
16965	5476	candida albicans
16967	5476	candida albicans
16968	5476	candida albicans
1697	5476	candida albicans
16970	5476	candida albicans
16971	5476	candida albicans
16972	5476	candida albicans
16973	5476	candida albicans
16975	5476	candida albicans
16976	5476	candida albicans
1698	5476	candida albicans
16982	5476	candida albicans
16986	5476	candida albicans
16988	5476	candida albicans
16989	5476	candida albicans
16991	5476	candida albicans
16992	5476	candida albicans
16994	5476	candida albicans
16998	5476	candida albicans
16999	5476	candida albicans
17001	5476	candida albicans
17002	5476	candida albicans
17003	5476	candida albicans
17004	5476	candida albicans
17008	5476	candida albicans
17009	5476	candida albicans
17011	5476	candida albicans
17012	5476	candida albicans
17014	5476	candida albicans
17016	5476	candida albicans
17017	5476	candida albicans
17018	5476	candida albicans
17020	5476	candida albicans
17021	5476	candida albicans
17024	5476	candida albicans
17025	5476	candida albicans
17042	5476	candida albicans
17044	5476	candida albicans
17046	5476	candida albicans
17049	5476	candida albicans
17053	5476	candida albicans
17054	5476	candida albicans
17057	5476	candida albicans
17060	5476	candida albicans
17063	5476	candida albicans
17064	5476	candida albicans
17065	5476	candida albicans
17066	5476	candida albicans
17069	5476	candida albicans
1707	5476	candida albicans
17070	5476	candida albicans
17073	5476	candida albicans
17074	5476	candida albicans
17077	5476	candida albicans
17078	5476	candida albicans
17081	5476	candida albicans
17082	5476	candida albicans
17083	5476	candida albicans
17088	5476	candida albicans
17089	5476	candida albicans
1709	5476	candida albicans
17091	5476	candida albicans
17093	5476	candida albicans
17095	5476	candida albicans
17097	5476	candida albicans
171	5476	candida albicans
17100	5476	candida albicans
17102	5476	candida albicans
17103	5476	candida albicans
17105	5476	candida albicans
17106	5476	candida albicans
17109	5476	candida albicans
17111	5476	candida albicans
17112	5476	candida albicans
17116	5476	candida albicans
17118	5476	candida albicans
17119	5476	candida albicans
1712	5476	candida albicans
17120	5476	candida albicans
17125	5476	candida albicans
17126	5476	candida albicans
17127	5476	candida albicans
1713	5476	candida albicans
17138	5476	candida albicans
17139	5476	candida albicans
17141	5476	candida albicans
17142	5476	candida albicans
17143	5476	candida albicans
17144	5476	candida albicans
17148	5476	candida albicans
1715	5476	candida albicans
17150	5476	candida albicans
17153	5476	candida albicans
17154	5476	candida albicans
17155	5476	candida albicans
17157	5476	candida albicans
17160	5476	candida albicans
17161	5476	candida albicans
17162	5476	candida albicans
17163	5476	candida albicans
17165	5476	candida albicans
17166	5476	candida albicans
17167	5476	candida albicans
17168	5476	candida albicans
1717	5476	candida albicans
17170	5476	candida albicans
17171	5476	candida albicans
17172	5476	candida albicans
17173	5476	candida albicans
17175	5476	candida albicans
17176	5476	candida albicans
17177	5476	candida albicans
17178	5476	candida albicans
17181	5476	candida albicans
17184	5476	candida albicans
17186	5476	candida albicans
17188	5476	candida albicans
17189	5476	candida albicans
1719	5476	candida albicans
17193	5476	candida albicans
17194	5476	candida albicans
17195	5476	candida albicans
17197	5476	candida albicans
172	5476	candida albicans
17200	5476	candida albicans
17201	5476	candida albicans
17202	5476	candida albicans
17204	5476	candida albicans
17207	5476	candida albicans
17208	5476	candida albicans
17209	5476	candida albicans
1721	5476	candida albicans
17211	5476	candida albicans
17213	5476	candida albicans
17221	5476	candida albicans
17222	5476	candida albicans
17225	5476	candida albicans
17227	5476	candida albicans
17228	5476	candida albicans
1723	5476	candida albicans
17231	5476	candida albicans
17232	5476	candida albicans
17234	5476	candida albicans
17235	5476	candida albicans
17239	5476	candida albicans
17240	5476	candida albicans
17241	5476	candida albicans
17252	5476	candida albicans
17254	5476	candida albicans
17255	5476	candida albicans
17258	5476	candida albicans
17259	5476	candida albicans
17261	5476	candida albicans
17262	5476	candida albicans
17263	5476	candida albicans
17264	5476	candida albicans
17269	5476	candida albicans
17271	5476	candida albicans
17276	5476	candida albicans
17278	5476	candida albicans
17280	5476	candida albicans
17283	5476	candida albicans
17290	5476	candida albicans
17291	5476	candida albicans
17292	5476	candida albicans
17295	5476	candida albicans
17296	5476	candida albicans
17298	5476	candida albicans
1730	5476	candida albicans
17312	5476	candida albicans
17315	5476	candida albicans
17316	5476	candida albicans
17322	5476	candida albicans
17324	5476	candida albicans
17327	5476	candida albicans
17333	5476	candida albicans
17335	5476	candida albicans
17336	5476	candida albicans
17337	5476	candida albicans
17338	5476	candida albicans
17340	5476	candida albicans
17342	5476	candida albicans
17344	5476	candida albicans
17349	5476	candida albicans
1735	5476	candida albicans
17350	5476	candida albicans
17352	5476	candida albicans
17354	5476	candida albicans
17357	5476	candida albicans
17358	5476	candida albicans
1736	5476	candida albicans
17360	5476	candida albicans
17362	5476	candida albicans
17364	5476	candida albicans
17367	5476	candida albicans
17369	5476	candida albicans
1737	5476	candida albicans
17370	5476	candida albicans
17372	5476	candida albicans
17373	5476	candida albicans
17377	5476	candida albicans
17380	5476	candida albicans
17384	5476	candida albicans
17386	5476	candida albicans
1739	5476	candida albicans
17391	5476	candida albicans
17394	5476	candida albicans
17395	5476	candida albicans
17399	5476	candida albicans
174	5476	candida albicans
17400	5476	candida albicans
17401	5476	candida albicans
17403	5476	candida albicans
17405	5476	candida albicans
17407	5476	candida albicans
1741	5476	candida albicans
17410	5476	candida albicans
17411	5476	candida albicans
17412	5476	candida albicans
17416	5476	candida albicans
17418	5476	candida albicans
1742	5476	candida albicans
17422	5476	candida albicans
17423	5476	candida albicans
17425	5476	candida albicans
17426	5476	candida albicans
17429	5476	candida albicans
17431	5476	candida albicans
17432	5476	candida albicans
17434	5476	candida albicans
17435	5476	candida albicans
17436	5476	candida albicans
17438	5476	candida albicans
17439	5476	candida albicans
17441	5476	candida albicans
17446	5476	candida albicans
17447	5476	candida albicans
17451	5476	candida albicans
17452	5476	candida albicans
17453	5476	candida albicans
17455	5476	candida albicans
17457	5476	candida albicans
17458	5476	candida albicans
17459	5476	candida albicans
1746	5476	candida albicans
17460	5476	candida albicans
17464	5476	candida albicans
17465	5476	candida albicans
17466	5476	candida albicans
17467	5476	candida albicans
17472	5476	candida albicans
17474	5476	candida albicans
17475	5476	candida albicans
1748	5476	candida albicans
17480	5476	candida albicans
17481	5476	candida albicans
17482	5476	candida albicans
17485	5476	candida albicans
17486	5476	candida albicans
17488	5476	candida albicans
1749	5476	candida albicans
17494	5476	candida albicans
17496	5476	candida albicans
17500	5476	candida albicans
17501	5476	candida albicans
17503	5476	candida albicans
17505	5476	candida albicans
17507	5476	candida albicans
17509	5476	candida albicans
17515	5476	candida albicans
17518	5476	candida albicans
17519	5476	candida albicans
1752	5476	candida albicans
17521	5476	candida albicans
17526	5476	candida albicans
17527	5476	candida albicans
1753	5476	candida albicans
17531	5476	candida albicans
17533	5476	candida albicans
17534	5476	candida albicans
17537	5476	candida albicans
17538	5476	candida albicans
17542	5476	candida albicans
17543	5476	candida albicans
17549	5476	candida albicans
17551	5476	candida albicans
17552	5476	candida albicans
17557	5476	candida albicans
17558	5476	candida albicans
17560	5476	candida albicans
17563	5476	candida albicans
17567	5476	candida albicans
17568	5476	candida albicans
1757	5476	candida albicans
17570	5476	candida albicans
17574	5476	candida albicans
17575	5476	candida albicans
17579	5476	candida albicans
1758	5476	candida albicans
17580	5476	candida albicans
17581	5476	candida albicans
17582	5476	candida albicans
17583	5476	candida albicans
17584	5476	candida albicans
17586	5476	candida albicans
17588	5476	candida albicans
17589	5476	candida albicans
1759	5476	candida albicans
17591	5476	candida albicans
17593	5476	candida albicans
17594	5476	candida albicans
17596	5476	candida albicans
17599	5476	candida albicans
17600	5476	candida albicans
17602	5476	candida albicans
17610	5476	candida albicans
17622	5476	candida albicans
17623	5476	candida albicans
17628	5476	candida albicans
17630	5476	candida albicans
17631	5476	candida albicans
17632	5476	candida albicans
17638	5476	candida albicans
1764	5476	candida albicans
17640	5476	candida albicans
17641	5476	candida albicans
17643	5476	candida albicans
17645	5476	candida albicans
17646	5476	candida albicans
17653	5476	candida albicans
17655	5476	candida albicans
17656	5476	candida albicans
17657	5476	candida albicans
17658	5476	candida albicans
17659	5476	candida albicans
1766	5476	candida albicans
17660	5476	candida albicans
17664	5476	candida albicans
17667	5476	candida albicans
1767	5476	candida albicans
17670	5476	candida albicans
17672	5476	candida albicans
17674	5476	candida albicans
17675	5476	candida albicans
17676	5476	candida albicans
17678	5476	candida albicans
17680	5476	candida albicans
17683	5476	candida albicans
1769	5476	candida albicans
17695	5476	candida albicans
17697	5476	candida albicans
17698	5476	candida albicans
177	5476	candida albicans
17706	5476	candida albicans
17712	5476	candida albicans
17715	5476	candida albicans
17720	5476	candida albicans
17722	5476	candida albicans
17723	5476	candida albicans
17724	5476	candida albicans
17725	5476	candida albicans
17726	5476	candida albicans
17729	5476	candida albicans
17730	5476	candida albicans
17739	5476	candida albicans
17740	5476	candida albicans
17743	5476	candida albicans
17746	5476	candida albicans
17748	5476	candida albicans
17749	5476	candida albicans
1775	5476	candida albicans
17751	5476	candida albicans
17752	5476	candida albicans
17756	5476	candida albicans
17758	5476	candida albicans
1776	5476	candida albicans
17761	5476	candida albicans
17763	5476	candida albicans
17766	5476	candida albicans
17768	5476	candida albicans
17770	5476	candida albicans
17771	5476	candida albicans
17773	5476	candida albicans
17777	5476	candida albicans
1778	5476	candida albicans
17780	5476	candida albicans
17782	5476	candida albicans
17784	5476	candida albicans
17788	5476	candida albicans
1779	5476	candida albicans
17794	5476	candida albicans
1780	5476	candida albicans
17802	5476	candida albicans
17813	5476	candida albicans
17816	5476	candida albicans
17817	5476	candida albicans
17818	5476	candida albicans
1782	5476	candida albicans
17820	5476	candida albicans
17822	5476	candida albicans
17823	5476	candida albicans
17825	5476	candida albicans
17826	5476	candida albicans
17828	5476	candida albicans
17830	5476	candida albicans
17834	5476	candida albicans
17836	5476	candida albicans
17841	5476	candida albicans
17844	5476	candida albicans
17846	5476	candida albicans
17849	5476	candida albicans
1785	5476	candida albicans
17850	5476	candida albicans
17851	5476	candida albicans
17854	5476	candida albicans
17857	5476	candida albicans
17859	5476	candida albicans
1786	5476	candida albicans
17860	5476	candida albicans
17865	5476	candida albicans
17866	5476	candida albicans
17869	5476	candida albicans
17870	5476	candida albicans
17871	5476	candida albicans
17874	5476	candida albicans
17879	5476	candida albicans
17880	5476	candida albicans
17881	5476	candida albicans
17884	5476	candida albicans
17885	5476	candida albicans
17888	5476	candida albicans
17890	5476	candida albicans
17891	5476	candida albicans
17894	5476	candida albicans
17895	5476	candida albicans
17897	5476	candida albicans
17898	5476	candida albicans
17899	5476	candida albicans
179	5476	candida albicans
1790	5476	candida albicans
17900	5476	candida albicans
17904	5476	candida albicans
17906	5476	candida albicans
17908	5476	candida albicans
1791	5476	candida albicans
17913	5476	candida albicans
17916	5476	candida albicans
17922	5476	candida albicans
17923	5476	candida albicans
17930	5476	candida albicans
17934	5476	candida albicans
17938	5476	candida albicans
17946	5476	candida albicans
17947	5476	candida albicans
17948	5476	candida albicans
17950	5476	candida albicans
17957	5476	candida albicans
17958	5476	candida albicans
17962	5476	candida albicans
17964	5476	candida albicans
17967	5476	candida albicans
17968	5476	candida albicans
1797	5476	candida albicans
17971	5476	candida albicans
17975	5476	candida albicans
17976	5476	candida albicans
17977	5476	candida albicans
17979	5476	candida albicans
1798	5476	candida albicans
17980	5476	candida albicans
17981	5476	candida albicans
17984	5476	candida albicans
17989	5476	candida albicans
17992	5476	candida albicans
17995	5476	candida albicans
17998	5476	candida albicans
17999	5476	candida albicans
18	5476	candida albicans
18000	5476	candida albicans
18005	5476	candida albicans
18008	5476	candida albicans
18011	5476	candida albicans
18012	5476	candida albicans
18013	5476	candida albicans
18019	5476	candida albicans
1802	5476	candida albicans
18020	5476	candida albicans
18022	5476	candida albicans
18023	5476	candida albicans
18025	5476	candida albicans
18026	5476	candida albicans
18029	5476	candida albicans
18030	5476	candida albicans
18031	5476	candida albicans
18042	5476	candida albicans
18044	5476	candida albicans
18047	5476	candida albicans
18048	5476	candida albicans
1805	5476	candida albicans
18050	5476	candida albicans
18052	5476	candida albicans
18053	5476	candida albicans
18054	5476	candida albicans
1806	5476	candida albicans
18062	5476	candida albicans
18065	5476	candida albicans
18066	5476	candida albicans
18067	5476	candida albicans
18069	5476	candida albicans
18073	5476	candida albicans
18075	5476	candida albicans
18081	5476	candida albicans
18089	5476	candida albicans
18094	5476	candida albicans
18096	5476	candida albicans
18099	5476	candida albicans
18108	5476	candida albicans
18109	5476	candida albicans
18116	5476	candida albicans
18117	5476	candida albicans
18118	5476	candida albicans
18119	5476	candida albicans
1812	5476	candida albicans
18120	5476	candida albicans
18124	5476	candida albicans
18127	5476	candida albicans
18131	5476	candida albicans
18132	5476	candida albicans
18137	5476	candida albicans
18139	5476	candida albicans
18141	5476	candida albicans
18144	5476	candida albicans
18145	5476	candida albicans
18150	5476	candida albicans
18153	5476	candida albicans
18154	5476	candida albicans
18155	5476	candida albicans
18156	5476	candida albicans
18157	5476	candida albicans
18158	5476	candida albicans
18160	5476	candida albicans
18162	5476	candida albicans
18163	5476	candida albicans
18165	5476	candida albicans
1817	5476	candida albicans
18173	5476	candida albicans
18174	5476	candida albicans
18177	5476	candida albicans
1818	5476	candida albicans
18180	5476	candida albicans
18185	5476	candida albicans
18186	5476	candida albicans
18188	5476	candida albicans
18192	5476	candida albicans
18193	5476	candida albicans
18194	5476	candida albicans
18195	5476	candida albicans
18196	5476	candida albicans
18197	5476	candida albicans
18198	5476	candida albicans
18203	5476	candida albicans
18204	5476	candida albicans
18208	5476	candida albicans
18215	5476	candida albicans
18217	5476	candida albicans
18218	5476	candida albicans
1822	5476	candida albicans
18220	5476	candida albicans
18223	5476	candida albicans
18225	5476	candida albicans
18227	5476	candida albicans
1823	5476	candida albicans
18232	5476	candida albicans
18233	5476	candida albicans
18237	5476	candida albicans
18238	5476	candida albicans
18241	5476	candida albicans
18242	5476	candida albicans
18244	5476	candida albicans
18245	5476	candida albicans
18248	5476	candida albicans
18249	5476	candida albicans
18251	5476	candida albicans
18255	5476	candida albicans
18256	5476	candida albicans
18262	5476	candida albicans
18265	5476	candida albicans
18266	5476	candida albicans
18267	5476	candida albicans
18269	5476	candida albicans
18271	5476	candida albicans
18274	5476	candida albicans
18277	5476	candida albicans
18284	5476	candida albicans
18285	5476	candida albicans
18288	5476	candida albicans
1829	5476	candida albicans
18290	5476	candida albicans
18291	5476	candida albicans
18293	5476	candida albicans
18297	5476	candida albicans
183	5476	candida albicans
1830	5476	candida albicans
18302	5476	candida albicans
18303	5476	candida albicans
18307	5476	candida albicans
18309	5476	candida albicans
1831	5476	candida albicans
18310	5476	candida albicans
18313	5476	candida albicans
18317	5476	candida albicans
18319	5476	candida albicans
18322	5476	candida albicans
18324	5476	candida albicans
18328	5476	candida albicans
18332	5476	candida albicans
18339	5476	candida albicans
1834	5476	candida albicans
18341	5476	candida albicans
18342	5476	candida albicans
18344	5476	candida albicans
18345	5476	candida albicans
18350	5476	candida albicans
18353	5476	candida albicans
18355	5476	candida albicans
1836	5476	candida albicans
18360	5476	candida albicans
18363	5476	candida albicans
18364	5476	candida albicans
18365	5476	candida albicans
18369	5476	candida albicans
1837	5476	candida albicans
18372	5476	candida albicans
18378	5476	candida albicans
18380	5476	candida albicans
18383	5476	candida albicans
18384	5476	candida albicans
18385	5476	candida albicans
18389	5476	candida albicans
18390	5476	candida albicans
18394	5476	candida albicans
18395	5476	candida albicans
18396	5476	candida albicans
184	5476	candida albicans
18402	5476	candida albicans
18405	5476	candida albicans
18407	5476	candida albicans
18413	5476	candida albicans
18419	5476	candida albicans
18421	5476	candida albicans
18422	5476	candida albicans
18423	5476	candida albicans
18435	5476	candida albicans
18438	5476	candida albicans
18444	5476	candida albicans
1845	5476	candida albicans
18452	5476	candida albicans
18455	5476	candida albicans
18458	5476	candida albicans
18461	5476	candida albicans
18463	5476	candida albicans
18464	5476	candida albicans
18466	5476	candida albicans
18467	5476	candida albicans
18472	5476	candida albicans
18476	5476	candida albicans
18481	5476	candida albicans
18482	5476	candida albicans
18483	5476	candida albicans
18486	5476	candida albicans
18490	5476	candida albicans
18494	5476	candida albicans
18495	5476	candida albicans
18496	5476	candida albicans
18499	5476	candida albicans
185	5476	candida albicans
18504	5476	candida albicans
18505	5476	candida albicans
18511	5476	candida albicans
18512	5476	candida albicans
18515	5476	candida albicans
18517	5476	candida albicans
1852	5476	candida albicans
18520	5476	candida albicans
18521	5476	candida albicans
18522	5476	candida albicans
18524	5476	candida albicans
18525	5476	candida albicans
18526	5476	candida albicans
18531	5476	candida albicans
18532	5476	candida albicans
18533	5476	candida albicans
18537	5476	candida albicans
18538	5476	candida albicans
18540	5476	candida albicans
18544	5476	candida albicans
18547	5476	candida albicans
18552	5476	candida albicans
18553	5476	candida albicans
18556	5476	candida albicans
18562	5476	candida albicans
18566	5476	candida albicans
18569	5476	candida albicans
18570	5476	candida albicans
18571	5476	candida albicans
18574	5476	candida albicans
18581	5476	candida albicans
18590	5476	candida albicans
18593	5476	candida albicans
18596	5476	candida albicans
18597	5476	candida albicans
186	5476	candida albicans
18600	5476	candida albicans
18601	5476	candida albicans
18606	5476	candida albicans
18609	5476	candida albicans
18610	5476	candida albicans
18613	5476	candida albicans
18614	5476	candida albicans
18621	5476	candida albicans
18623	5476	candida albicans
18626	5476	candida albicans
18628	5476	candida albicans
18629	5476	candida albicans
1863	5476	candida albicans
18635	5476	candida albicans
18640	5476	candida albicans
18646	5476	candida albicans
1865	5476	candida albicans
18653	5476	candida albicans
18654	5476	candida albicans
18655	5476	candida albicans
1866	5476	candida albicans
18660	5476	candida albicans
18662	5476	candida albicans
18663	5476	candida albicans
18666	5476	candida albicans
18668	5476	candida albicans
18669	5476	candida albicans
18673	5476	candida albicans
18675	5476	candida albicans
18677	5476	candida albicans
18680	5476	candida albicans
18681	5476	candida albicans
18688	5476	candida albicans
18691	5476	candida albicans
18695	5476	candida albicans
1870	5476	candida albicans
18702	5476	candida albicans
18703	5476	candida albicans
18705	5476	candida albicans
18706	5476	candida albicans
18709	5476	candida albicans
18712	5476	candida albicans
1872	5476	candida albicans
18727	5476	candida albicans
18728	5476	candida albicans
18729	5476	candida albicans
18730	5476	candida albicans
18731	5476	candida albicans
18735	5476	candida albicans
18737	5476	candida albicans
18739	5476	candida albicans
18740	5476	candida albicans
18745	5476	candida albicans
18746	5476	candida albicans
18747	5476	candida albicans
18748	5476	candida albicans
18749	5476	candida albicans
18750	5476	candida albicans
18751	5476	candida albicans
18752	5476	candida albicans
18753	5476	candida albicans
18755	5476	candida albicans
18761	5476	candida albicans
18764	5476	candida albicans
18767	5476	candida albicans
18773	5476	candida albicans
18777	5476	candida albicans
18780	5476	candida albicans
18783	5476	candida albicans
18784	5476	candida albicans
18785	5476	candida albicans
18786	5476	candida albicans
18787	5476	candida albicans
18789	5476	candida albicans
18790	5476	candida albicans
18793	5476	candida albicans
18797	5476	candida albicans
1880	5476	candida albicans
18801	5476	candida albicans
18804	5476	candida albicans
18805	5476	candida albicans
18806	5476	candida albicans
1881	5476	candida albicans
18810	5476	candida albicans
18812	5476	candida albicans
18814	5476	candida albicans
18818	5476	candida albicans
18820	5476	candida albicans
18821	5476	candida albicans
18826	5476	candida albicans
18829	5476	candida albicans
18831	5476	candida albicans
18832	5476	candida albicans
18834	5476	candida albicans
18835	5476	candida albicans
18836	5476	candida albicans
18837	5476	candida albicans
18841	5476	candida albicans
18842	5476	candida albicans
18845	5476	candida albicans
18846	5476	candida albicans
18847	5476	candida albicans
18850	5476	candida albicans
18854	5476	candida albicans
18857	5476	candida albicans
18858	5476	candida albicans
18859	5476	candida albicans
1886	5476	candida albicans
18860	5476	candida albicans
18863	5476	candida albicans
18864	5476	candida albicans
18868	5476	candida albicans
18874	5476	candida albicans
18877	5476	candida albicans
1888	5476	candida albicans
18882	5476	candida albicans
18884	5476	candida albicans
18888	5476	candida albicans
1889	5476	candida albicans
18890	5476	candida albicans
18891	5476	candida albicans
18896	5476	candida albicans
18898	5476	candida albicans
18899	5476	candida albicans
1890	5476	candida albicans
18900	5476	candida albicans
18902	5476	candida albicans
18903	5476	candida albicans
18904	5476	candida albicans
18905	5476	candida albicans
18906	5476	candida albicans
18907	5476	candida albicans
18911	5476	candida albicans
18914	5476	candida albicans
18918	5476	candida albicans
18924	5476	candida albicans
18928	5476	candida albicans
18929	5476	candida albicans
18932	5476	candida albicans
18934	5476	candida albicans
18936	5476	candida albicans
1894	5476	candida albicans
18942	5476	candida albicans
18944	5476	candida albicans
18947	5476	candida albicans
18948	5476	candida albicans
1895	5476	candida albicans
18950	5476	candida albicans
18951	5476	candida albicans
18955	5476	candida albicans
18956	5476	candida albicans
18957	5476	candida albicans
18958	5476	candida albicans
18959	5476	candida albicans
18960	5476	candida albicans
18964	5476	candida albicans
18965	5476	candida albicans
18966	5476	candida albicans
18967	5476	candida albicans
18972	5476	candida albicans
18973	5476	candida albicans
18975	5476	candida albicans
18976	5476	candida albicans
1898	5476	candida albicans
18984	5476	candida albicans
18988	5476	candida albicans
1899	5476	candida albicans
18991	5476	candida albicans
18992	5476	candida albicans
18993	5476	candida albicans
18997	5476	candida albicans
1900	5476	candida albicans
19001	5476	candida albicans
19002	5476	candida albicans
19003	5476	candida albicans
19004	5476	candida albicans
19005	5476	candida albicans
19007	5476	candida albicans
19008	5476	candida albicans
1901	5476	candida albicans
19012	5476	candida albicans
19018	5476	candida albicans
19020	5476	candida albicans
19023	5476	candida albicans
19025	5476	candida albicans
19026	5476	candida albicans
19028	5476	candida albicans
19031	5476	candida albicans
19032	5476	candida albicans
19035	5476	candida albicans
19036	5476	candida albicans
19037	5476	candida albicans
19038	5476	candida albicans
1904	5476	candida albicans
19040	5476	candida albicans
19041	5476	candida albicans
19046	5476	candida albicans
19048	5476	candida albicans
19049	5476	candida albicans
19053	5476	candida albicans
19054	5476	candida albicans
19055	5476	candida albicans
19057	5476	candida albicans
19059	5476	candida albicans
19065	5476	candida albicans
19067	5476	candida albicans
19070	5476	candida albicans
19071	5476	candida albicans
19072	5476	candida albicans
19073	5476	candida albicans
19078	5476	candida albicans
19080	5476	candida albicans
19084	5476	candida albicans
19085	5476	candida albicans
19091	5476	candida albicans
19092	5476	candida albicans
19093	5476	candida albicans
19094	5476	candida albicans
19096	5476	candida albicans
19100	5476	candida albicans
19101	5476	candida albicans
19107	5476	candida albicans
19108	5476	candida albicans
1911	5476	candida albicans
19115	5476	candida albicans
19116	5476	candida albicans
19117	5476	candida albicans
19122	5476	candida albicans
19124	5476	candida albicans
19128	5476	candida albicans
19129	5476	candida albicans
19130	5476	candida albicans
19133	5476	candida albicans
19140	5476	candida albicans
19143	5476	candida albicans
19144	5476	candida albicans
19146	5476	candida albicans
19147	5476	candida albicans
19149	5476	candida albicans
1915	5476	candida albicans
19152	5476	candida albicans
19158	5476	candida albicans
1916	5476	candida albicans
19160	5476	candida albicans
19161	5476	candida albicans
1917	5476	candida albicans
19171	5476	candida albicans
19172	5476	candida albicans
19178	5476	candida albicans
19186	5476	candida albicans
19187	5476	candida albicans
19188	5476	candida albicans
19194	5476	candida albicans
19196	5476	candida albicans
19199	5476	candida albicans
19203	5476	candida albicans
19204	5476	candida albicans
19205	5476	candida albicans
1921	5476	candida albicans
19210	5476	candida albicans
19221	5476	candida albicans
19226	5476	candida albicans
19228	5476	candida albicans
19229	5476	candida albicans
19235	5476	candida albicans
19237	5476	candida albicans
19239	5476	candida albicans
19241	5476	candida albicans
19243	5476	candida albicans
19244	5476	candida albicans
19254	5476	candida albicans
19256	5476	candida albicans
19264	5476	candida albicans
19265	5476	candida albicans
19268	5476	candida albicans
1927	5476	candida albicans
19270	5476	candida albicans
19275	5476	candida albicans
19277	5476	candida albicans
19279	5476	candida albicans
19282	5476	candida albicans
19283	5476	candida albicans
19287	5476	candida albicans
19289	5476	candida albicans
1929	5476	candida albicans
19292	5476	candida albicans
19293	5476	candida albicans
19294	5476	candida albicans
19295	5476	candida albicans
19297	5476	candida albicans
19298	5476	candida albicans
1930	5476	candida albicans
19301	5476	candida albicans
19303	5476	candida albicans
19304	5476	candida albicans
19307	5476	candida albicans
19309	5476	candida albicans
1931	5476	candida albicans
19310	5476	candida albicans
19311	5476	candida albicans
19312	5476	candida albicans
19313	5476	candida albicans
19316	5476	candida albicans
19317	5476	candida albicans
1932	5476	candida albicans
19324	5476	candida albicans
19325	5476	candida albicans
19326	5476	candida albicans
19327	5476	candida albicans
19328	5476	candida albicans
19329	5476	candida albicans
19331	5476	candida albicans
19332	5476	candida albicans
19337	5476	candida albicans
19344	5476	candida albicans
1935	5476	candida albicans
19353	5476	candida albicans
19355	5476	candida albicans
19358	5476	candida albicans
19359	5476	candida albicans
1936	5476	candida albicans
19360	5476	candida albicans
19365	5476	candida albicans
19368	5476	candida albicans
1937	5476	candida albicans
19370	5476	candida albicans
19371	5476	candida albicans
19376	5476	candida albicans
19377	5476	candida albicans
19378	5476	candida albicans
19379	5476	candida albicans
1938	5476	candida albicans
19380	5476	candida albicans
19382	5476	candida albicans
19383	5476	candida albicans
19386	5476	candida albicans
19387	5476	candida albicans
19389	5476	candida albicans
1939	5476	candida albicans
19392	5476	candida albicans
19397	5476	candida albicans
19398	5476	candida albicans
1940	5476	candida albicans
19401	5476	candida albicans
19402	5476	candida albicans
19403	5476	candida albicans
19407	5476	candida albicans
19409	5476	candida albicans
1941	5476	candida albicans
19410	5476	candida albicans
19412	5476	candida albicans
19414	5476	candida albicans
19416	5476	candida albicans
19417	5476	candida albicans
19419	5476	candida albicans
19422	5476	candida albicans
19428	5476	candida albicans
1943	5476	candida albicans
19432	5476	candida albicans
19433	5476	candida albicans
19435	5476	candida albicans
19436	5476	candida albicans
19437	5476	candida albicans
19438	5476	candida albicans
1944	5476	candida albicans
19440	5476	candida albicans
19444	5476	candida albicans
19447	5476	candida albicans
19448	5476	candida albicans
19449	5476	candida albicans
19451	5476	candida albicans
19454	5476	candida albicans
19455	5476	candida albicans
1946	5476	candida albicans
19463	5476	candida albicans
19465	5476	candida albicans
19466	5476	candida albicans
19467	5476	candida albicans
19473	5476	candida albicans
19474	5476	candida albicans
19476	5476	candida albicans
19477	5476	candida albicans
19485	5476	candida albicans
19488	5476	candida albicans
19489	5476	candida albicans
19490	5476	candida albicans
19491	5476	candida albicans
195	5476	candida albicans
1950	5476	candida albicans
19504	5476	candida albicans
1951	5476	candida albicans
19511	5476	candida albicans
19512	5476	candida albicans
19516	5476	candida albicans
19517	5476	candida albicans
19518	5476	candida albicans
19519	5476	candida albicans
1952	5476	candida albicans
19521	5476	candida albicans
19525	5476	candida albicans
19527	5476	candida albicans
19528	5476	candida albicans
19530	5476	candida albicans
19531	5476	candida albicans
19532	5476	candida albicans
19534	5476	candida albicans
19538	5476	candida albicans
1954	5476	candida albicans
19540	5476	candida albicans
19543	5476	candida albicans
19544	5476	candida albicans
19548	5476	candida albicans
19549	5476	candida albicans
19550	5476	candida albicans
19556	5476	candida albicans
19558	5476	candida albicans
19559	5476	candida albicans
19562	5476	candida albicans
19565	5476	candida albicans
19566	5476	candida albicans
19569	5476	candida albicans
1957	5476	candida albicans
19570	5476	candida albicans
19571	5476	candida albicans
19572	5476	candida albicans
19573	5476	candida albicans
19575	5476	candida albicans
19579	5476	candida albicans
1958	5476	candida albicans
19581	5476	candida albicans
19585	5476	candida albicans
19589	5476	candida albicans
1959	5476	candida albicans
19590	5476	candida albicans
19591	5476	candida albicans
19595	5476	candida albicans
19598	5476	candida albicans
19599	5476	candida albicans
19600	5476	candida albicans
19602	5476	candida albicans
19604	5476	candida albicans
19607	5476	candida albicans
19608	5476	candida albicans
19610	5476	candida albicans
19612	5476	candida albicans
19615	5476	candida albicans
19616	5476	candida albicans
19617	5476	candida albicans
19620	5476	candida albicans
19621	5476	candida albicans
19622	5476	candida albicans
19627	5476	candida albicans
19628	5476	candida albicans
19629	5476	candida albicans
19630	5476	candida albicans
19635	5476	candida albicans
19641	5476	candida albicans
19642	5476	candida albicans
19644	5476	candida albicans
19645	5476	candida albicans
19646	5476	candida albicans
19647	5476	candida albicans
19655	5476	candida albicans
19659	5476	candida albicans
1966	5476	candida albicans
19660	5476	candida albicans
19662	5476	candida albicans
19663	5476	candida albicans
19664	5476	candida albicans
19668	5476	candida albicans
19670	5476	candida albicans
19673	5476	candida albicans
19674	5476	candida albicans
19675	5476	candida albicans
19678	5476	candida albicans
19683	5476	candida albicans
19684	5476	candida albicans
19685	5476	candida albicans
19688	5476	candida albicans
19690	5476	candida albicans
19692	5476	candida albicans
19693	5476	candida albicans
19694	5476	candida albicans
19699	5476	candida albicans
197	5476	candida albicans
19701	5476	candida albicans
19702	5476	candida albicans
19703	5476	candida albicans
19716	5476	candida albicans
19717	5476	candida albicans
19720	5476	candida albicans
19724	5476	candida albicans
19726	5476	candida albicans
19727	5476	candida albicans
19733	5476	candida albicans
19734	5476	candida albicans
19736	5476	candida albicans
19737	5476	candida albicans
19741	5476	candida albicans
19742	5476	candida albicans
19743	5476	candida albicans
19745	5476	candida albicans
1975	5476	candida albicans
19750	5476	candida albicans
19751	5476	candida albicans
19754	5476	candida albicans
19759	5476	candida albicans
19763	5476	candida albicans
19769	5476	candida albicans
1977	5476	candida albicans
19770	5476	candida albicans
19771	5476	candida albicans
19772	5476	candida albicans
19774	5476	candida albicans
19776	5476	candida albicans
1978	5476	candida albicans
19780	5476	candida albicans
19781	5476	candida albicans
19783	5476	candida albicans
19786	5476	candida albicans
1979	5476	candida albicans
19794	5476	candida albicans
19796	5476	candida albicans
19797	5476	candida albicans
198	5476	candida albicans
1980	5476	candida albicans
19800	5476	candida albicans
19803	5476	candida albicans
19804	5476	candida albicans
19806	5476	candida albicans
19807	5476	candida albicans
19809	5476	candida albicans
1981	5476	candida albicans
19810	5476	candida albicans
19814	5476	candida albicans
19815	5476	candida albicans
19818	5476	candida albicans
1982	5476	candida albicans
19821	5476	candida albicans
19824	5476	candida albicans
19829	5476	candida albicans
19831	5476	candida albicans
19835	5476	candida albicans
19837	5476	candida albicans
19840	5476	candida albicans
19843	5476	candida albicans
19844	5476	candida albicans
19847	5476	candida albicans
1985	5476	candida albicans
19854	5476	candida albicans
19857	5476	candida albicans
19859	5476	candida albicans
19860	5476	candida albicans
19862	5476	candida albicans
19864	5476	candida albicans
19866	5476	candida albicans
19869	5476	candida albicans
19870	5476	candida albicans
19871	5476	candida albicans
19873	5476	candida albicans
19875	5476	candida albicans
19881	5476	candida albicans
19883	5476	candida albicans
19885	5476	candida albicans
19888	5476	candida albicans
1989	5476	candida albicans
19890	5476	candida albicans
19892	5476	candida albicans
19894	5476	candida albicans
19898	5476	candida albicans
199	5476	candida albicans
1990	5476	candida albicans
19900	5476	candida albicans
19904	5476	candida albicans
19906	5476	candida albicans
19910	5476	candida albicans
19912	5476	candida albicans
19916	5476	candida albicans
1992	5476	candida albicans
19920	5476	candida albicans
19921	5476	candida albicans
19922	5476	candida albicans
19925	5476	candida albicans
19933	5476	candida albicans
19936	5476	candida albicans
19938	5476	candida albicans
19941	5476	candida albicans
19948	5476	candida albicans
1995	5476	candida albicans
19950	5476	candida albicans
19951	5476	candida albicans
19955	5476	candida albicans
19957	5476	candida albicans
19963	5476	candida albicans
19969	5476	candida albicans
1997	5476	candida albicans
19971	5476	candida albicans
19973	5476	candida albicans
19978	5476	candida albicans
19979	5476	candida albicans
19983	5476	candida albicans
19991	5476	candida albicans
19994	5476	candida albicans
19995	5476	candida albicans
19996	5476	candida albicans
200	5476	candida albicans
20003	5476	candida albicans
20004	5476	candida albicans
20006	5476	candida albicans
20008	5476	candida albicans
20009	5476	candida albicans
2001	5476	candida albicans
20011	5476	candida albicans
20018	5476	candida albicans
20027	5476	candida albicans
20029	5476	candida albicans
2003	5476	candida albicans
20030	5476	candida albicans
20031	5476	candida albicans
20032	5476	candida albicans
20034	5476	candida albicans
20038	5476	candida albicans
20041	5476	candida albicans
20043	5476	candida albicans
20045	5476	candida albicans
20046	5476	candida albicans
20047	5476	candida albicans
20050	5476	candida albicans
20051	5476	candida albicans
20052	5476	candida albicans
20054	5476	candida albicans
20056	5476	candida albicans
20059	5476	candida albicans
20062	5476	candida albicans
20063	5476	candida albicans
20067	5476	candida albicans
20068	5476	candida albicans
20069	5476	candida albicans
2007	5476	candida albicans
20071	5476	candida albicans
20077	5476	candida albicans
20078	5476	candida albicans
2008	5476	candida albicans
20084	5476	candida albicans
20087	5476	candida albicans
2009	5476	candida albicans
20092	5476	candida albicans
20095	5476	candida albicans
20096	5476	candida albicans
20097	5476	candida albicans
2010	5476	candida albicans
20107	5476	candida albicans
20108	5476	candida albicans
2011	5476	candida albicans
20111	5476	candida albicans
20115	5476	candida albicans
20116	5476	candida albicans
20118	5476	candida albicans
2012	5476	candida albicans
20121	5476	candida albicans
20122	5476	candida albicans
20124	5476	candida albicans
20126	5476	candida albicans
20128	5476	candida albicans
20129	5476	candida albicans
2013	5476	candida albicans
20130	5476	candida albicans
20131	5476	candida albicans
20135	5476	candida albicans
20138	5476	candida albicans
20139	5476	candida albicans
20147	5476	candida albicans
20148	5476	candida albicans
20149	5476	candida albicans
20164	5476	candida albicans
20167	5476	candida albicans
20169	5476	candida albicans
2017	5476	candida albicans
20171	5476	candida albicans
20174	5476	candida albicans
20176	5476	candida albicans
2018	5476	candida albicans
20184	5476	candida albicans
20187	5476	candida albicans
20190	5476	candida albicans
20192	5476	candida albicans
20193	5476	candida albicans
20196	5476	candida albicans
20199	5476	candida albicans
20201	5476	candida albicans
20202	5476	candida albicans
20203	5476	candida albicans
20204	5476	candida albicans
2021	5476	candida albicans
20212	5476	candida albicans
20215	5476	candida albicans
20217	5476	candida albicans
20218	5476	candida albicans
20219	5476	candida albicans
20220	5476	candida albicans
20222	5476	candida albicans
20225	5476	candida albicans
20226	5476	candida albicans
20230	5476	candida albicans
20232	5476	candida albicans
20243	5476	candida albicans
20246	5476	candida albicans
2025	5476	candida albicans
20250	5476	candida albicans
20253	5476	candida albicans
2026	5476	candida albicans
20267	5476	candida albicans
2027	5476	candida albicans
20270	5476	candida albicans
20274	5476	candida albicans
20275	5476	candida albicans
20283	5476	candida albicans
20284	5476	candida albicans
20287	5476	candida albicans
20288	5476	candida albicans
20289	5476	candida albicans
2029	5476	candida albicans
20299	5476	candida albicans
203	5476	candida albicans
2030	5476	candida albicans
20303	5476	candida albicans
20304	5476	candida albicans
20306	5476	candida albicans
20310	5476	candida albicans
20311	5476	candida albicans
20314	5476	candida albicans
20315	5476	candida albicans
20316	5476	candida albicans
20320	5476	candida albicans
20321	5476	candida albicans
20323	5476	candida albicans
20325	5476	candida albicans
20326	5476	candida albicans
20327	5476	candida albicans
20329	5476	candida albicans
20330	5476	candida albicans
20332	5476	candida albicans
20333	5476	candida albicans
20335	5476	candida albicans
20336	5476	candida albicans
2034	5476	candida albicans
20341	5476	candida albicans
20343	5476	candida albicans
20344	5476	candida albicans
20345	5476	candida albicans
20346	5476	candida albicans
20348	5476	candida albicans
20350	5476	candida albicans
20351	5476	candida albicans
20352	5476	candida albicans
20353	5476	candida albicans
20354	5476	candida albicans
20355	5476	candida albicans
20356	5476	candida albicans
20363	5476	candida albicans
20365	5476	candida albicans
20366	5476	candida albicans
20367	5476	candida albicans
20368	5476	candida albicans
20369	5476	candida albicans
2037	5476	candida albicans
20370	5476	candida albicans
20372	5476	candida albicans
20374	5476	candida albicans
20378	5476	candida albicans
20379	5476	candida albicans
20381	5476	candida albicans
20383	5476	candida albicans
20389	5476	candida albicans
2039	5476	candida albicans
20393	5476	candida albicans
20395	5476	candida albicans
20398	5476	candida albicans
20399	5476	candida albicans
2040	5476	candida albicans
20402	5476	candida albicans
20403	5476	candida albicans
20405	5476	candida albicans
20408	5476	candida albicans
20409	5476	candida albicans
2041	5476	candida albicans
20413	5476	candida albicans
20416	5476	candida albicans
20420	5476	candida albicans
20421	5476	candida albicans
20427	5476	candida albicans
20429	5476	candida albicans
2043	5476	candida albicans
20439	5476	candida albicans
20440	5476	candida albicans
20443	5476	candida albicans
20445	5476	candida albicans
20446	5476	candida albicans
20447	5476	candida albicans
2045	5476	candida albicans
20452	5476	candida albicans
20455	5476	candida albicans
20458	5476	candida albicans
2046	5476	candida albicans
20462	5476	candida albicans
20463	5476	candida albicans
20472	5476	candida albicans
20473	5476	candida albicans
20475	5476	candida albicans
20476	5476	candida albicans
20477	5476	candida albicans
2048	5476	candida albicans
20480	5476	candida albicans
20482	5476	candida albicans
20484	5476	candida albicans
20485	5476	candida albicans
20486	5476	candida albicans
20487	5476	candida albicans
20500	5476	candida albicans
20501	5476	candida albicans
20502	5476	candida albicans
20503	5476	candida albicans
20504	5476	candida albicans
20505	5476	candida albicans
20506	5476	candida albicans
20507	5476	candida albicans
2051	5476	candida albicans
20513	5476	candida albicans
20515	5476	candida albicans
20517	5476	candida albicans
20518	5476	candida albicans
20519	5476	candida albicans
20520	5476	candida albicans
20522	5476	candida albicans
20525	5476	candida albicans
20526	5476	candida albicans
20527	5476	candida albicans
20529	5476	candida albicans
20531	5476	candida albicans
2054	5476	candida albicans
20540	5476	candida albicans
20541	5476	candida albicans
20546	5476	candida albicans
2055	5476	candida albicans
20553	5476	candida albicans
20554	5476	candida albicans
20555	5476	candida albicans
20557	5476	candida albicans
20558	5476	candida albicans
20559	5476	candida albicans
20560	5476	candida albicans
20562	5476	candida albicans
20563	5476	candida albicans
20566	5476	candida albicans
20567	5476	candida albicans
2057	5476	candida albicans
20571	5476	candida albicans
20572	5476	candida albicans
20573	5476	candida albicans
20577	5476	candida albicans
20580	5476	candida albicans
20581	5476	candida albicans
20582	5476	candida albicans
20583	5476	candida albicans
20585	5476	candida albicans
20586	5476	candida albicans
20590	5476	candida albicans
20597	5476	candida albicans
20598	5476	candida albicans
20599	5476	candida albicans
206	5476	candida albicans
2060	5476	candida albicans
20601	5476	candida albicans
20605	5476	candida albicans
20609	5476	candida albicans
2061	5476	candida albicans
20613	5476	candida albicans
20614	5476	candida albicans
20616	5476	candida albicans
20619	5476	candida albicans
20624	5476	candida albicans
20626	5476	candida albicans
20629	5476	candida albicans
20633	5476	candida albicans
20636	5476	candida albicans
20642	5476	candida albicans
20643	5476	candida albicans
20649	5476	candida albicans
20652	5476	candida albicans
20653	5476	candida albicans
20655	5476	candida albicans
20657	5476	candida albicans
20658	5476	candida albicans
20664	5476	candida albicans
20669	5476	candida albicans
20671	5476	candida albicans
20674	5476	candida albicans
20675	5476	candida albicans
20676	5476	candida albicans
20677	5476	candida albicans
20679	5476	candida albicans
20684	5476	candida albicans
20686	5476	candida albicans
20687	5476	candida albicans
2069	5476	candida albicans
20691	5476	candida albicans
20692	5476	candida albicans
20695	5476	candida albicans
20697	5476	candida albicans
207	5476	candida albicans
2070	5476	candida albicans
20702	5476	candida albicans
20704	5476	candida albicans
20706	5476	candida albicans
20709	5476	candida albicans
20710	5476	candida albicans
20711	5476	candida albicans
20714	5476	candida albicans
20715	5476	candida albicans
20717	5476	candida albicans
20725	5476	candida albicans
20727	5476	candida albicans
2073	5476	candida albicans
20730	5476	candida albicans
20731	5476	candida albicans
20732	5476	candida albicans
20734	5476	candida albicans
20737	5476	candida albicans
20739	5476	candida albicans
2074	5476	candida albicans
20741	5476	candida albicans
2075	5476	candida albicans
20753	5476	candida albicans
20755	5476	candida albicans
20756	5476	candida albicans
20757	5476	candida albicans
20758	5476	candida albicans
2076	5476	candida albicans
20761	5476	candida albicans
20764	5476	candida albicans
20769	5476	candida albicans
20770	5476	candida albicans
20773	5476	candida albicans
20775	5476	candida albicans
20776	5476	candida albicans
20777	5476	candida albicans
2078	5476	candida albicans
20785	5476	candida albicans
20789	5476	candida albicans
2079	5476	candida albicans
20791	5476	candida albicans
20792	5476	candida albicans
20793	5476	candida albicans
20795	5476	candida albicans
20796	5476	candida albicans
20797	5476	candida albicans
208	5476	candida albicans
2080	5476	candida albicans
20801	5476	candida albicans
20802	5476	candida albicans
20804	5476	candida albicans
20810	5476	candida albicans
20812	5476	candida albicans
20817	5476	candida albicans
2082	5476	candida albicans
20825	5476	candida albicans
20829	5476	candida albicans
20830	5476	candida albicans
20831	5476	candida albicans
20832	5476	candida albicans
20834	5476	candida albicans
20837	5476	candida albicans
20840	5476	candida albicans
20842	5476	candida albicans
20848	5476	candida albicans
2085	5476	candida albicans
20850	5476	candida albicans
20855	5476	candida albicans
20856	5476	candida albicans
20858	5476	candida albicans
20862	5476	candida albicans
20866	5476	candida albicans
20868	5476	candida albicans
2087	5476	candida albicans
20871	5476	candida albicans
20873	5476	candida albicans
20874	5476	candida albicans
20875	5476	candida albicans
20876	5476	candida albicans
20877	5476	candida albicans
20878	5476	candida albicans
20881	5476	candida albicans
20887	5476	candida albicans
20888	5476	candida albicans
20890	5476	candida albicans
20892	5476	candida albicans
20895	5476	candida albicans
20896	5476	candida albicans
20897	5476	candida albicans
20898	5476	candida albicans
209	5476	candida albicans
20906	5476	candida albicans
20910	5476	candida albicans
20916	5476	candida albicans
20919	5476	candida albicans
20920	5476	candida albicans
20922	5476	candida albicans
20923	5476	candida albicans
20925	5476	candida albicans
20929	5476	candida albicans
20930	5476	candida albicans
20931	5476	candida albicans
20932	5476	candida albicans
20940	5476	candida albicans
20941	5476	candida albicans
20945	5476	candida albicans
20947	5476	candida albicans
20948	5476	candida albicans
2095	5476	candida albicans
20954	5476	candida albicans
20958	5476	candida albicans
20959	5476	candida albicans
20962	5476	candida albicans
20964	5476	candida albicans
20966	5476	candida albicans
20969	5476	candida albicans
20972	5476	candida albicans
20974	5476	candida albicans
20975	5476	candida albicans
20980	5476	candida albicans
20981	5476	candida albicans
20983	5476	candida albicans
20987	5476	candida albicans
2099	5476	candida albicans
20991	5476	candida albicans
20992	5476	candida albicans
20993	5476	candida albicans
20994	5476	candida albicans
20995	5476	candida albicans
20997	5476	candida albicans
21000	5476	candida albicans
21003	5476	candida albicans
21006	5476	candida albicans
21009	5476	candida albicans
2101	5476	candida albicans
21011	5476	candida albicans
21014	5476	candida albicans
21015	5476	candida albicans
21016	5476	candida albicans
21020	5476	candida albicans
21023	5476	candida albicans
21026	5476	candida albicans
21028	5476	candida albicans
2103	5476	candida albicans
21032	5476	candida albicans
21033	5476	candida albicans
21035	5476	candida albicans
21036	5476	candida albicans
21037	5476	candida albicans
21041	5476	candida albicans
21042	5476	candida albicans
21043	5476	candida albicans
21046	5476	candida albicans
21047	5476	candida albicans
21049	5476	candida albicans
21053	5476	candida albicans
21057	5476	candida albicans
21059	5476	candida albicans
21061	5476	candida albicans
21064	5476	candida albicans
21067	5476	candida albicans
21071	5476	candida albicans
21072	5476	candida albicans
21075	5476	candida albicans
21076	5476	candida albicans
21080	5476	candida albicans
21087	5476	candida albicans
21089	5476	candida albicans
21090	5476	candida albicans
21091	5476	candida albicans
21092	5476	candida albicans
21097	5476	candida albicans
211	5476	candida albicans
21101	5476	candida albicans
21105	5476	candida albicans
21107	5476	candida albicans
21109	5476	candida albicans
2111	5476	candida albicans
21110	5476	candida albicans
21112	5476	candida albicans
21115	5476	candida albicans
21120	5476	candida albicans
21125	5476	candida albicans
21128	5476	candida albicans
21129	5476	candida albicans
2113	5476	candida albicans
21130	5476	candida albicans
21132	5476	candida albicans
21135	5476	candida albicans
21136	5476	candida albicans
21140	5476	candida albicans
21142	5476	candida albicans
21145	5476	candida albicans
21146	5476	candida albicans
2115	5476	candida albicans
21150	5476	candida albicans
21153	5476	candida albicans
21156	5476	candida albicans
2116	5476	candida albicans
21163	5476	candida albicans
21165	5476	candida albicans
21169	5476	candida albicans
21171	5476	candida albicans
21173	5476	candida albicans
21174	5476	candida albicans
21179	5476	candida albicans
2118	5476	candida albicans
21181	5476	candida albicans
21183	5476	candida albicans
21186	5476	candida albicans
21187	5476	candida albicans
21191	5476	candida albicans
21195	5476	candida albicans
21196	5476	candida albicans
21199	5476	candida albicans
212	5476	candida albicans
2120	5476	candida albicans
21202	5476	candida albicans
21203	5476	candida albicans
21206	5476	candida albicans
21216	5476	candida albicans
2122	5476	candida albicans
21220	5476	candida albicans
21227	5476	candida albicans
2123	5476	candida albicans
21231	5476	candida albicans
21234	5476	candida albicans
21236	5476	candida albicans
21239	5476	candida albicans
2124	5476	candida albicans
21241	5476	candida albicans
21242	5476	candida albicans
21243	5476	candida albicans
21246	5476	candida albicans
21247	5476	candida albicans
21250	5476	candida albicans
21256	5476	candida albicans
21258	5476	candida albicans
21262	5476	candida albicans
21269	5476	candida albicans
2127	5476	candida albicans
21270	5476	candida albicans
21271	5476	candida albicans
21272	5476	candida albicans
21273	5476	candida albicans
21276	5476	candida albicans
21277	5476	candida albicans
2128	5476	candida albicans
21280	5476	candida albicans
21282	5476	candida albicans
21285	5476	candida albicans
21288	5476	candida albicans
21289	5476	candida albicans
2129	5476	candida albicans
21290	5476	candida albicans
21291	5476	candida albicans
21296	5476	candida albicans
21299	5476	candida albicans
213	5476	candida albicans
21301	5476	candida albicans
21302	5476	candida albicans
21303	5476	candida albicans
21307	5476	candida albicans
21313	5476	candida albicans
21315	5476	candida albicans
21316	5476	candida albicans
21317	5476	candida albicans
2132	5476	candida albicans
21320	5476	candida albicans
21321	5476	candida albicans
21322	5476	candida albicans
21323	5476	candida albicans
21326	5476	candida albicans
21328	5476	candida albicans
21333	5476	candida albicans
21334	5476	candida albicans
21336	5476	candida albicans
21339	5476	candida albicans
2134	5476	candida albicans
21340	5476	candida albicans
21342	5476	candida albicans
21343	5476	candida albicans
21347	5476	candida albicans
2135	5476	candida albicans
21351	5476	candida albicans
21353	5476	candida albicans
21356	5476	candida albicans
21357	5476	candida albicans
21358	5476	candida albicans
21363	5476	candida albicans
21365	5476	candida albicans
21371	5476	candida albicans
21372	5476	candida albicans
21373	5476	candida albicans
21374	5476	candida albicans
21375	5476	candida albicans
21379	5476	candida albicans
2138	5476	candida albicans
21381	5476	candida albicans
21383	5476	candida albicans
21386	5476	candida albicans
21388	5476	candida albicans
21389	5476	candida albicans
21391	5476	candida albicans
21394	5476	candida albicans
21395	5476	candida albicans
2140	5476	candida albicans
21401	5476	candida albicans
21403	5476	candida albicans
21405	5476	candida albicans
21406	5476	candida albicans
21407	5476	candida albicans
2141	5476	candida albicans
21410	5476	candida albicans
21411	5476	candida albicans
21412	5476	candida albicans
21413	5476	candida albicans
21415	5476	candida albicans
21417	5476	candida albicans
21419	5476	candida albicans
2142	5476	candida albicans
21421	5476	candida albicans
21427	5476	candida albicans
21428	5476	candida albicans
21429	5476	candida albicans
21430	5476	candida albicans
21432	5476	candida albicans
21433	5476	candida albicans
21434	5476	candida albicans
2144	5476	candida albicans
21440	5476	candida albicans
21441	5476	candida albicans
21442	5476	candida albicans
21445	5476	candida albicans
21446	5476	candida albicans
21450	5476	candida albicans
21451	5476	candida albicans
21454	5476	candida albicans
21455	5476	candida albicans
21456	5476	candida albicans
2146	5476	candida albicans
21460	5476	candida albicans
21463	5476	candida albicans
21470	5476	candida albicans
21472	5476	candida albicans
21475	5476	candida albicans
21476	5476	candida albicans
21479	5476	candida albicans
21482	5476	candida albicans
21485	5476	candida albicans
21486	5476	candida albicans
21490	5476	candida albicans
21491	5476	candida albicans
21494	5476	candida albicans
21495	5476	candida albicans
21496	5476	candida albicans
21499	5476	candida albicans
21503	5476	candida albicans
21505	5476	candida albicans
21507	5476	candida albicans
21509	5476	candida albicans
2151	5476	candida albicans
21511	5476	candida albicans
21513	5476	candida albicans
21521	5476	candida albicans
21523	5476	candida albicans
21525	5476	candida albicans
21534	5476	candida albicans
21535	5476	candida albicans
21537	5476	candida albicans
21539	5476	candida albicans
21540	5476	candida albicans
21541	5476	candida albicans
21542	5476	candida albicans
21543	5476	candida albicans
21545	5476	candida albicans
21548	5476	candida albicans
21549	5476	candida albicans
21550	5476	candida albicans
21551	5476	candida albicans
21553	5476	candida albicans
21557	5476	candida albicans
21561	5476	candida albicans
21563	5476	candida albicans
21565	5476	candida albicans
21568	5476	candida albicans
21570	5476	candida albicans
21572	5476	candida albicans
21574	5476	candida albicans
21582	5476	candida albicans
21585	5476	candida albicans
21586	5476	candida albicans
21587	5476	candida albicans
21590	5476	candida albicans
21592	5476	candida albicans
21594	5476	candida albicans
21596	5476	candida albicans
21602	5476	candida albicans
21603	5476	candida albicans
21605	5476	candida albicans
21606	5476	candida albicans
21607	5476	candida albicans
21608	5476	candida albicans
21611	5476	candida albicans
21612	5476	candida albicans
21613	5476	candida albicans
21616	5476	candida albicans
21621	5476	candida albicans
21622	5476	candida albicans
21626	5476	candida albicans
21627	5476	candida albicans
21629	5476	candida albicans
21632	5476	candida albicans
21634	5476	candida albicans
21636	5476	candida albicans
21637	5476	candida albicans
21638	5476	candida albicans
2164	5476	candida albicans
21641	5476	candida albicans
21642	5476	candida albicans
21643	5476	candida albicans
21647	5476	candida albicans
21649	5476	candida albicans
2165	5476	candida albicans
21650	5476	candida albicans
21651	5476	candida albicans
21654	5476	candida albicans
21656	5476	candida albicans
21660	5476	candida albicans
21663	5476	candida albicans
21666	5476	candida albicans
21667	5476	candida albicans
21668	5476	candida albicans
21669	5476	candida albicans
21672	5476	candida albicans
21673	5476	candida albicans
21676	5476	candida albicans
2168	5476	candida albicans
21680	5476	candida albicans
21684	5476	candida albicans
21685	5476	candida albicans
21687	5476	candida albicans
21690	5476	candida albicans
21691	5476	candida albicans
21693	5476	candida albicans
21695	5476	candida albicans
21699	5476	candida albicans
21701	5476	candida albicans
21702	5476	candida albicans
21703	5476	candida albicans
21705	5476	candida albicans
21707	5476	candida albicans
21709	5476	candida albicans
21713	5476	candida albicans
21715	5476	candida albicans
2172	5476	candida albicans
21720	5476	candida albicans
21721	5476	candida albicans
21724	5476	candida albicans
21728	5476	candida albicans
21729	5476	candida albicans
21730	5476	candida albicans
2174	5476	candida albicans
21741	5476	candida albicans
21742	5476	candida albicans
21743	5476	candida albicans
21744	5476	candida albicans
21745	5476	candida albicans
21746	5476	candida albicans
21749	5476	candida albicans
2175	5476	candida albicans
21751	5476	candida albicans
21752	5476	candida albicans
21753	5476	candida albicans
21755	5476	candida albicans
21756	5476	candida albicans
21758	5476	candida albicans
2176	5476	candida albicans
21760	5476	candida albicans
21761	5476	candida albicans
21768	5476	candida albicans
21770	5476	candida albicans
21774	5476	candida albicans
21776	5476	candida albicans
21783	5476	candida albicans
21785	5476	candida albicans
21789	5476	candida albicans
21790	5476	candida albicans
21791	5476	candida albicans
21795	5476	candida albicans
21800	5476	candida albicans
21804	5476	candida albicans
21806	5476	candida albicans
21808	5476	candida albicans
21809	5476	candida albicans
21810	5476	candida albicans
21812	5476	candida albicans
21814	5476	candida albicans
21816	5476	candida albicans
21819	5476	candida albicans
21820	5476	candida albicans
21821	5476	candida albicans
21824	5476	candida albicans
21829	5476	candida albicans
2183	5476	candida albicans
21833	5476	candida albicans
21837	5476	candida albicans
21844	5476	candida albicans
21847	5476	candida albicans
21850	5476	candida albicans
21851	5476	candida albicans
21854	5476	candida albicans
2186	5476	candida albicans
21861	5476	candida albicans
21862	5476	candida albicans
21864	5476	candida albicans
21872	5476	candida albicans
21874	5476	candida albicans
21877	5476	candida albicans
21879	5476	candida albicans
21880	5476	candida albicans
21881	5476	candida albicans
21884	5476	candida albicans
21885	5476	candida albicans
21886	5476	candida albicans
21888	5476	candida albicans
2189	5476	candida albicans
21891	5476	candida albicans
21892	5476	candida albicans
21899	5476	candida albicans
219	5476	candida albicans
2190	5476	candida albicans
21905	5476	candida albicans
21906	5476	candida albicans
21909	5476	candida albicans
2191	5476	candida albicans
21910	5476	candida albicans
21912	5476	candida albicans
21913	5476	candida albicans
21915	5476	candida albicans
21916	5476	candida albicans
21920	5476	candida albicans
21921	5476	candida albicans
21922	5476	candida albicans
21928	5476	candida albicans
2193	5476	candida albicans
21930	5476	candida albicans
21933	5476	candida albicans
21934	5476	candida albicans
21937	5476	candida albicans
21942	5476	candida albicans
21943	5476	candida albicans
21947	5476	candida albicans
21948	5476	candida albicans
2195	5476	candida albicans
21950	5476	candida albicans
21953	5476	candida albicans
2196	5476	candida albicans
21966	5476	candida albicans
21967	5476	candida albicans
21969	5476	candida albicans
2197	5476	candida albicans
21974	5476	candida albicans
21984	5476	candida albicans
21985	5476	candida albicans
21995	5476	candida albicans
21996	5476	candida albicans
21998	5476	candida albicans
22000	5476	candida albicans
22002	5476	candida albicans
22004	5476	candida albicans
22014	5476	candida albicans
22015	5476	candida albicans
22018	5476	candida albicans
22020	5476	candida albicans
22024	5476	candida albicans
22025	5476	candida albicans
22026	5476	candida albicans
22031	5476	candida albicans
22032	5476	candida albicans
22038	5476	candida albicans
2204	5476	candida albicans
22040	5476	candida albicans
22048	5476	candida albicans
2205	5476	candida albicans
22051	5476	candida albicans
22059	5476	candida albicans
2206	5476	candida albicans
22060	5476	candida albicans
22062	5476	candida albicans
22065	5476	candida albicans
22067	5476	candida albicans
22068	5476	candida albicans
22069	5476	candida albicans
2207	5476	candida albicans
22071	5476	candida albicans
22075	5476	candida albicans
22078	5476	candida albicans
22079	5476	candida albicans
22083	5476	candida albicans
22084	5476	candida albicans
2209	5476	candida albicans
2210	5476	candida albicans
22105	5476	candida albicans
22107	5476	candida albicans
22109	5476	candida albicans
2211	5476	candida albicans
22111	5476	candida albicans
22112	5476	candida albicans
22114	5476	candida albicans
22117	5476	candida albicans
22128	5476	candida albicans
22129	5476	candida albicans
22131	5476	candida albicans
22137	5476	candida albicans
22138	5476	candida albicans
22139	5476	candida albicans
2214	5476	candida albicans
22145	5476	candida albicans
22149	5476	candida albicans
2215	5476	candida albicans
22151	5476	candida albicans
22152	5476	candida albicans
22153	5476	candida albicans
22157	5476	candida albicans
2216	5476	candida albicans
22166	5476	candida albicans
22168	5476	candida albicans
22170	5476	candida albicans
22172	5476	candida albicans
22173	5476	candida albicans
22176	5476	candida albicans
22178	5476	candida albicans
22181	5476	candida albicans
22182	5476	candida albicans
22183	5476	candida albicans
22185	5476	candida albicans
22194	5476	candida albicans
22196	5476	candida albicans
22197	5476	candida albicans
222	5476	candida albicans
2220	5476	candida albicans
22206	5476	candida albicans
22208	5476	candida albicans
22210	5476	candida albicans
22220	5476	candida albicans
22221	5476	candida albicans
22223	5476	candida albicans
22224	5476	candida albicans
22228	5476	candida albicans
2223	5476	candida albicans
22231	5476	candida albicans
22232	5476	candida albicans
22233	5476	candida albicans
22236	5476	candida albicans
22239	5476	candida albicans
22242	5476	candida albicans
22245	5476	candida albicans
22246	5476	candida albicans
22248	5476	candida albicans
22249	5476	candida albicans
2225	5476	candida albicans
22253	5476	candida albicans
22254	5476	candida albicans
22257	5476	candida albicans
22258	5476	candida albicans
22259	5476	candida albicans
22261	5476	candida albicans
22269	5476	candida albicans
2227	5476	candida albicans
22271	5476	candida albicans
22274	5476	candida albicans
22275	5476	candida albicans
22276	5476	candida albicans
22279	5476	candida albicans
22280	5476	candida albicans
22281	5476	candida albicans
22282	5476	candida albicans
22283	5476	candida albicans
2229	5476	candida albicans
22298	5476	candida albicans
22299	5476	candida albicans
22300	5476	candida albicans
22301	5476	candida albicans
22302	5476	candida albicans
22308	5476	candida albicans
22311	5476	candida albicans
22312	5476	candida albicans
22317	5476	candida albicans
22323	5476	candida albicans
22328	5476	candida albicans
22329	5476	candida albicans
22330	5476	candida albicans
22338	5476	candida albicans
22339	5476	candida albicans
2234	5476	candida albicans
22342	5476	candida albicans
22346	5476	candida albicans
22348	5476	candida albicans
22350	5476	candida albicans
22351	5476	candida albicans
22356	5476	candida albicans
22357	5476	candida albicans
22358	5476	candida albicans
22359	5476	candida albicans
22363	5476	candida albicans
22364	5476	candida albicans
22366	5476	candida albicans
22367	5476	candida albicans
22370	5476	candida albicans
22372	5476	candida albicans
22380	5476	candida albicans
22385	5476	candida albicans
22387	5476	candida albicans
22389	5476	candida albicans
22390	5476	candida albicans
22396	5476	candida albicans
22399	5476	candida albicans
224	5476	candida albicans
2240	5476	candida albicans
22401	5476	candida albicans
22402	5476	candida albicans
22404	5476	candida albicans
22408	5476	candida albicans
22410	5476	candida albicans
22414	5476	candida albicans
22416	5476	candida albicans
22417	5476	candida albicans
2242	5476	candida albicans
22422	5476	candida albicans
22423	5476	candida albicans
22428	5476	candida albicans
2243	5476	candida albicans
22432	5476	candida albicans
22433	5476	candida albicans
22436	5476	candida albicans
22439	5476	candida albicans
2244	5476	candida albicans
22444	5476	candida albicans
22447	5476	candida albicans
2245	5476	candida albicans
22452	5476	candida albicans
22455	5476	candida albicans
22456	5476	candida albicans
22457	5476	candida albicans
22459	5476	candida albicans
22461	5476	candida albicans
22462	5476	candida albicans
22463	5476	candida albicans
22468	5476	candida albicans
22469	5476	candida albicans
2247	5476	candida albicans
22472	5476	candida albicans
22473	5476	candida albicans
22474	5476	candida albicans
22475	5476	candida albicans
22476	5476	candida albicans
22477	5476	candida albicans
22479	5476	candida albicans
2248	5476	candida albicans
22480	5476	candida albicans
22481	5476	candida albicans
22482	5476	candida albicans
22489	5476	candida albicans
2249	5476	candida albicans
22491	5476	candida albicans
22495	5476	candida albicans
22496	5476	candida albicans
22497	5476	candida albicans
22498	5476	candida albicans
22500	5476	candida albicans
22506	5476	candida albicans
22514	5476	candida albicans
22515	5476	candida albicans
22516	5476	candida albicans
22522	5476	candida albicans
22523	5476	candida albicans
22525	5476	candida albicans
22526	5476	candida albicans
22532	5476	candida albicans
22533	5476	candida albicans
22534	5476	candida albicans
22539	5476	candida albicans
2254	5476	candida albicans
22540	5476	candida albicans
22542	5476	candida albicans
22545	5476	candida albicans
22548	5476	candida albicans
2255	5476	candida albicans
22552	5476	candida albicans
22555	5476	candida albicans
22556	5476	candida albicans
22557	5476	candida albicans
22558	5476	candida albicans
2256	5476	candida albicans
22560	5476	candida albicans
22561	5476	candida albicans
22567	5476	candida albicans
22568	5476	candida albicans
22569	5476	candida albicans
22572	5476	candida albicans
22574	5476	candida albicans
22575	5476	candida albicans
22577	5476	candida albicans
22580	5476	candida albicans
22582	5476	candida albicans
22584	5476	candida albicans
2259	5476	candida albicans
22591	5476	candida albicans
22595	5476	candida albicans
22596	5476	candida albicans
22597	5476	candida albicans
22598	5476	candida albicans
2260	5476	candida albicans
22601	5476	candida albicans
22602	5476	candida albicans
22606	5476	candida albicans
2261	5476	candida albicans
22612	5476	candida albicans
22614	5476	candida albicans
22616	5476	candida albicans
22617	5476	candida albicans
22620	5476	candida albicans
22627	5476	candida albicans
2263	5476	candida albicans
22633	5476	candida albicans
22635	5476	candida albicans
2264	5476	candida albicans
22640	5476	candida albicans
22641	5476	candida albicans
22646	5476	candida albicans
22647	5476	candida albicans
22650	5476	candida albicans
22651	5476	candida albicans
22654	5476	candida albicans
22657	5476	candida albicans
22658	5476	candida albicans
22660	5476	candida albicans
22661	5476	candida albicans
22663	5476	candida albicans
22664	5476	candida albicans
22667	5476	candida albicans
22668	5476	candida albicans
22669	5476	candida albicans
2267	5476	candida albicans
22670	5476	candida albicans
22676	5476	candida albicans
22679	5476	candida albicans
2268	5476	candida albicans
22682	5476	candida albicans
22684	5476	candida albicans
22688	5476	candida albicans
22691	5476	candida albicans
22692	5476	candida albicans
22693	5476	candida albicans
22699	5476	candida albicans
22700	5476	candida albicans
22702	5476	candida albicans
22703	5476	candida albicans
22704	5476	candida albicans
22707	5476	candida albicans
22710	5476	candida albicans
22711	5476	candida albicans
22712	5476	candida albicans
22713	5476	candida albicans
22714	5476	candida albicans
2272	5476	candida albicans
22723	5476	candida albicans
22724	5476	candida albicans
22726	5476	candida albicans
22728	5476	candida albicans
22729	5476	candida albicans
2273	5476	candida albicans
22732	5476	candida albicans
22740	5476	candida albicans
22741	5476	candida albicans
22744	5476	candida albicans
22747	5476	candida albicans
22748	5476	candida albicans
2275	5476	candida albicans
22750	5476	candida albicans
22755	5476	candida albicans
22757	5476	candida albicans
22758	5476	candida albicans
22759	5476	candida albicans
2276	5476	candida albicans
22760	5476	candida albicans
22761	5476	candida albicans
2277	5476	candida albicans
22773	5476	candida albicans
22774	5476	candida albicans
22775	5476	candida albicans
22776	5476	candida albicans
2278	5476	candida albicans
22780	5476	candida albicans
22787	5476	candida albicans
22788	5476	candida albicans
22792	5476	candida albicans
22796	5476	candida albicans
22798	5476	candida albicans
228	5476	candida albicans
2280	5476	candida albicans
22807	5476	candida albicans
22809	5476	candida albicans
22813	5476	candida albicans
22820	5476	candida albicans
22821	5476	candida albicans
22822	5476	candida albicans
22823	5476	candida albicans
22824	5476	candida albicans
22828	5476	candida albicans
22829	5476	candida albicans
22831	5476	candida albicans
22835	5476	candida albicans
22838	5476	candida albicans
22842	5476	candida albicans
22843	5476	candida albicans
22844	5476	candida albicans
22846	5476	candida albicans
2285	5476	candida albicans
22850	5476	candida albicans
22855	5476	candida albicans
22860	5476	candida albicans
22862	5476	candida albicans
22863	5476	candida albicans
22867	5476	candida albicans
22871	5476	candida albicans
22874	5476	candida albicans
22878	5476	candida albicans
2288	5476	candida albicans
22880	5476	candida albicans
22883	5476	candida albicans
22884	5476	candida albicans
22888	5476	candida albicans
22889	5476	candida albicans
22890	5476	candida albicans
22892	5476	candida albicans
22894	5476	candida albicans
22896	5476	candida albicans
22898	5476	candida albicans
22904	5476	candida albicans
22905	5476	candida albicans
22908	5476	candida albicans
22913	5476	candida albicans
2292	5476	candida albicans
22921	5476	candida albicans
22931	5476	candida albicans
22935	5476	candida albicans
22937	5476	candida albicans
22939	5476	candida albicans
22940	5476	candida albicans
22941	5476	candida albicans
22942	5476	candida albicans
22943	5476	candida albicans
22946	5476	candida albicans
22948	5476	candida albicans
22949	5476	candida albicans
2295	5476	candida albicans
22951	5476	candida albicans
22955	5476	candida albicans
22956	5476	candida albicans
22958	5476	candida albicans
22959	5476	candida albicans
2296	5476	candida albicans
22960	5476	candida albicans
22961	5476	candida albicans
22964	5476	candida albicans
22967	5476	candida albicans
2297	5476	candida albicans
22971	5476	candida albicans
22974	5476	candida albicans
22976	5476	candida albicans
22978	5476	candida albicans
22981	5476	candida albicans
22982	5476	candida albicans
22983	5476	candida albicans
22986	5476	candida albicans
22987	5476	candida albicans
22989	5476	candida albicans
22990	5476	candida albicans
22993	5476	candida albicans
22995	5476	candida albicans
22996	5476	candida albicans
22997	5476	candida albicans
22999	5476	candida albicans
230	5476	candida albicans
23005	5476	candida albicans
23007	5476	candida albicans
23008	5476	candida albicans
2301	5476	candida albicans
23010	5476	candida albicans
23011	5476	candida albicans
23012	5476	candida albicans
23014	5476	candida albicans
23015	5476	candida albicans
23018	5476	candida albicans
23021	5476	candida albicans
23022	5476	candida albicans
23024	5476	candida albicans
23027	5476	candida albicans
23029	5476	candida albicans
23033	5476	candida albicans
23034	5476	candida albicans
23038	5476	candida albicans
23040	5476	candida albicans
23041	5476	candida albicans
23042	5476	candida albicans
23043	5476	candida albicans
23044	5476	candida albicans
23045	5476	candida albicans
23047	5476	candida albicans
2305	5476	candida albicans
23052	5476	candida albicans
23053	5476	candida albicans
23054	5476	candida albicans
23055	5476	candida albicans
23058	5476	candida albicans
23062	5476	candida albicans
23064	5476	candida albicans
23066	5476	candida albicans
23073	5476	candida albicans
23074	5476	candida albicans
23077	5476	candida albicans
23078	5476	candida albicans
23079	5476	candida albicans
2308	5476	candida albicans
23082	5476	candida albicans
23084	5476	candida albicans
23085	5476	candida albicans
23087	5476	candida albicans
23088	5476	candida albicans
2309	5476	candida albicans
23092	5476	candida albicans
23099	5476	candida albicans
231	5476	candida albicans
23101	5476	candida albicans
23104	5476	candida albicans
23107	5476	candida albicans
23109	5476	candida albicans
23110	5476	candida albicans
23115	5476	candida albicans
23119	5476	candida albicans
23120	5476	candida albicans
23126	5476	candida albicans
23127	5476	candida albicans
23128	5476	candida albicans
23129	5476	candida albicans
2313	5476	candida albicans
23130	5476	candida albicans
23132	5476	candida albicans
23134	5476	candida albicans
23136	5476	candida albicans
23137	5476	candida albicans
23139	5476	candida albicans
23142	5476	candida albicans
23143	5476	candida albicans
23145	5476	candida albicans
23149	5476	candida albicans
23151	5476	candida albicans
23153	5476	candida albicans
23157	5476	candida albicans
23159	5476	candida albicans
23160	5476	candida albicans
23161	5476	candida albicans
23170	5476	candida albicans
23171	5476	candida albicans
23173	5476	candida albicans
23176	5476	candida albicans
23178	5476	candida albicans
23183	5476	candida albicans
23184	5476	candida albicans
23188	5476	candida albicans
23189	5476	candida albicans
23191	5476	candida albicans
23193	5476	candida albicans
23194	5476	candida albicans
23197	5476	candida albicans
23198	5476	candida albicans
23201	5476	candida albicans
23202	5476	candida albicans
23208	5476	candida albicans
23209	5476	candida albicans
2321	5476	candida albicans
23212	5476	candida albicans
23214	5476	candida albicans
23215	5476	candida albicans
23216	5476	candida albicans
23219	5476	candida albicans
23220	5476	candida albicans
23222	5476	candida albicans
23224	5476	candida albicans
23226	5476	candida albicans
23229	5476	candida albicans
23230	5476	candida albicans
23234	5476	candida albicans
23237	5476	candida albicans
23239	5476	candida albicans
2324	5476	candida albicans
23241	5476	candida albicans
23242	5476	candida albicans
23243	5476	candida albicans
23244	5476	candida albicans
23247	5476	candida albicans
23248	5476	candida albicans
2325	5476	candida albicans
23254	5476	candida albicans
23259	5476	candida albicans
23260	5476	candida albicans
23270	5476	candida albicans
23272	5476	candida albicans
23274	5476	candida albicans
23275	5476	candida albicans
23276	5476	candida albicans
23277	5476	candida albicans
23278	5476	candida albicans
23279	5476	candida albicans
2328	5476	candida albicans
23280	5476	candida albicans
23282	5476	candida albicans
23285	5476	candida albicans
23286	5476	candida albicans
23288	5476	candida albicans
23289	5476	candida albicans
23290	5476	candida albicans
23291	5476	candida albicans
23293	5476	candida albicans
23295	5476	candida albicans
23297	5476	candida albicans
23299	5476	candida albicans
23300	5476	candida albicans
23301	5476	candida albicans
23303	5476	candida albicans
23306	5476	candida albicans
23307	5476	candida albicans
23308	5476	candida albicans
23309	5476	candida albicans
23310	5476	candida albicans
23311	5476	candida albicans
23312	5476	candida albicans
23314	5476	candida albicans
23316	5476	candida albicans
2332	5476	candida albicans
23322	5476	candida albicans
23323	5476	candida albicans
23324	5476	candida albicans
23329	5476	candida albicans
2333	5476	candida albicans
23331	5476	candida albicans
23333	5476	candida albicans
23335	5476	candida albicans
23336	5476	candida albicans
23340	5476	candida albicans
23344	5476	candida albicans
23345	5476	candida albicans
23346	5476	candida albicans
23347	5476	candida albicans
23348	5476	candida albicans
23350	5476	candida albicans
23354	5476	candida albicans
23355	5476	candida albicans
23358	5476	candida albicans
23360	5476	candida albicans
23366	5476	candida albicans
23367	5476	candida albicans
2337	5476	candida albicans
23372	5476	candida albicans
23373	5476	candida albicans
23374	5476	candida albicans
23375	5476	candida albicans
23382	5476	candida albicans
23385	5476	candida albicans
23386	5476	candida albicans
23388	5476	candida albicans
2339	5476	candida albicans
23390	5476	candida albicans
23391	5476	candida albicans
23392	5476	candida albicans
23393	5476	candida albicans
23394	5476	candida albicans
23395	5476	candida albicans
23397	5476	candida albicans
23398	5476	candida albicans
234	5476	candida albicans
23400	5476	candida albicans
23406	5476	candida albicans
23407	5476	candida albicans
23408	5476	candida albicans
23410	5476	candida albicans
23411	5476	candida albicans
23414	5476	candida albicans
2342	5476	candida albicans
23422	5476	candida albicans
23424	5476	candida albicans
23426	5476	candida albicans
23430	5476	candida albicans
23431	5476	candida albicans
23432	5476	candida albicans
23433	5476	candida albicans
23435	5476	candida albicans
23437	5476	candida albicans
23439	5476	candida albicans
23441	5476	candida albicans
23442	5476	candida albicans
23444	5476	candida albicans
23447	5476	candida albicans
23448	5476	candida albicans
23451	5476	candida albicans
23452	5476	candida albicans
23453	5476	candida albicans
23456	5476	candida albicans
23460	5476	candida albicans
23461	5476	candida albicans
23462	5476	candida albicans
23463	5476	candida albicans
23472	5476	candida albicans
23473	5476	candida albicans
23476	5476	candida albicans
23477	5476	candida albicans
23479	5476	candida albicans
2348	5476	candida albicans
23480	5476	candida albicans
23485	5476	candida albicans
23487	5476	candida albicans
23489	5476	candida albicans
23491	5476	candida albicans
23493	5476	candida albicans
23495	5476	candida albicans
23496	5476	candida albicans
2350	5476	candida albicans
23501	5476	candida albicans
23505	5476	candida albicans
23509	5476	candida albicans
2351	5476	candida albicans
23510	5476	candida albicans
23513	5476	candida albicans
23514	5476	candida albicans
23516	5476	candida albicans
23521	5476	candida albicans
23522	5476	candida albicans
23525	5476	candida albicans
23528	5476	candida albicans
23529	5476	candida albicans
23533	5476	candida albicans
23535	5476	candida albicans
23538	5476	candida albicans
23539	5476	candida albicans
2354	5476	candida albicans
23541	5476	candida albicans
23543	5476	candida albicans
23544	5476	candida albicans
23548	5476	candida albicans
2355	5476	candida albicans
23550	5476	candida albicans
23552	5476	candida albicans
23557	5476	candida albicans
23559	5476	candida albicans
2356	5476	candida albicans
2357	5476	candida albicans
23570	5476	candida albicans
23571	5476	candida albicans
23572	5476	candida albicans
23574	5476	candida albicans
23577	5476	candida albicans
2358	5476	candida albicans
23581	5476	candida albicans
23589	5476	candida albicans
2359	5476	candida albicans
23590	5476	candida albicans
23598	5476	candida albicans
23601	5476	candida albicans
23603	5476	candida albicans
23604	5476	candida albicans
23610	5476	candida albicans
23611	5476	candida albicans
23613	5476	candida albicans
23616	5476	candida albicans
23617	5476	candida albicans
23621	5476	candida albicans
23622	5476	candida albicans
23624	5476	candida albicans
23633	5476	candida albicans
23639	5476	candida albicans
23642	5476	candida albicans
23644	5476	candida albicans
23645	5476	candida albicans
23646	5476	candida albicans
23649	5476	candida albicans
23651	5476	candida albicans
23652	5476	candida albicans
23653	5476	candida albicans
2366	5476	candida albicans
23661	5476	candida albicans
23664	5476	candida albicans
23665	5476	candida albicans
23666	5476	candida albicans
23670	5476	candida albicans
23671	5476	candida albicans
23672	5476	candida albicans
23675	5476	candida albicans
2368	5476	candida albicans
23683	5476	candida albicans
23685	5476	candida albicans
23687	5476	candida albicans
23690	5476	candida albicans
23693	5476	candida albicans
23698	5476	candida albicans
23699	5476	candida albicans
23701	5476	candida albicans
23703	5476	candida albicans
23705	5476	candida albicans
23708	5476	candida albicans
23713	5476	candida albicans
23716	5476	candida albicans
23719	5476	candida albicans
23721	5476	candida albicans
23722	5476	candida albicans
23727	5476	candida albicans
23728	5476	candida albicans
2373	5476	candida albicans
23731	5476	candida albicans
23733	5476	candida albicans
23737	5476	candida albicans
23738	5476	candida albicans
23741	5476	candida albicans
23743	5476	candida albicans
23744	5476	candida albicans
23749	5476	candida albicans
23750	5476	candida albicans
23751	5476	candida albicans
23753	5476	candida albicans
23754	5476	candida albicans
23755	5476	candida albicans
23760	5476	candida albicans
23762	5476	candida albicans
23764	5476	candida albicans
23765	5476	candida albicans
23766	5476	candida albicans
23768	5476	candida albicans
23771	5476	candida albicans
23772	5476	candida albicans
23779	5476	candida albicans
2378	5476	candida albicans
23782	5476	candida albicans
23784	5476	candida albicans
23785	5476	candida albicans
23786	5476	candida albicans
23788	5476	candida albicans
23790	5476	candida albicans
23793	5476	candida albicans
23794	5476	candida albicans
23796	5476	candida albicans
23799	5476	candida albicans
23801	5476	candida albicans
23802	5476	candida albicans
23803	5476	candida albicans
23804	5476	candida albicans
23805	5476	candida albicans
23806	5476	candida albicans
23810	5476	candida albicans
23812	5476	candida albicans
23813	5476	candida albicans
23817	5476	candida albicans
23819	5476	candida albicans
23820	5476	candida albicans
23821	5476	candida albicans
23822	5476	candida albicans
23825	5476	candida albicans
23826	5476	candida albicans
23827	5476	candida albicans
23828	5476	candida albicans
23831	5476	candida albicans
23832	5476	candida albicans
23836	5476	candida albicans
23837	5476	candida albicans
23838	5476	candida albicans
23840	5476	candida albicans
23842	5476	candida albicans
23843	5476	candida albicans
23846	5476	candida albicans
23847	5476	candida albicans
23850	5476	candida albicans
23851	5476	candida albicans
23853	5476	candida albicans
23859	5476	candida albicans
23862	5476	candida albicans
23864	5476	candida albicans
23865	5476	candida albicans
23867	5476	candida albicans
23868	5476	candida albicans
23869	5476	candida albicans
2387	5476	candida albicans
23870	5476	candida albicans
23871	5476	candida albicans
23872	5476	candida albicans
23874	5476	candida albicans
23875	5476	candida albicans
23876	5476	candida albicans
23877	5476	candida albicans
23878	5476	candida albicans
23879	5476	candida albicans
23880	5476	candida albicans
23881	5476	candida albicans
23884	5476	candida albicans
23885	5476	candida albicans
23886	5476	candida albicans
23888	5476	candida albicans
23889	5476	candida albicans
23890	5476	candida albicans
23891	5476	candida albicans
23892	5476	candida albicans
23893	5476	candida albicans
23894	5476	candida albicans
23895	5476	candida albicans
23896	5476	candida albicans
23897	5476	candida albicans
2390	5476	candida albicans
23900	5476	candida albicans
23902	5476	candida albicans
23903	5476	candida albicans
23904	5476	candida albicans
23906	5476	candida albicans
23907	5476	candida albicans
23908	5476	candida albicans
23909	5476	candida albicans
2391	5476	candida albicans
23910	5476	candida albicans
23911	5476	candida albicans
23912	5476	candida albicans
23913	5476	candida albicans
23914	5476	candida albicans
23915	5476	candida albicans
23916	5476	candida albicans
23917	5476	candida albicans
23918	5476	candida albicans
23919	5476	candida albicans
23922	5476	candida albicans
23923	5476	candida albicans
23925	5476	candida albicans
23927	5476	candida albicans
23931	5476	candida albicans
23933	5476	candida albicans
23935	5476	candida albicans
23936	5476	candida albicans
23937	5476	candida albicans
23938	5476	candida albicans
2394	5476	candida albicans
23940	5476	candida albicans
23941	5476	candida albicans
23942	5476	candida albicans
23943	5476	candida albicans
23944	5476	candida albicans
23949	5476	candida albicans
23950	5476	candida albicans
23951	5476	candida albicans
23953	5476	candida albicans
23955	5476	candida albicans
23957	5476	candida albicans
23958	5476	candida albicans
23960	5476	candida albicans
23961	5476	candida albicans
23964	5476	candida albicans
23966	5476	candida albicans
23969	5476	candida albicans
23971	5476	candida albicans
23972	5476	candida albicans
23973	5476	candida albicans
23975	5476	candida albicans
23977	5476	candida albicans
23978	5476	candida albicans
23979	5476	candida albicans
23980	5476	candida albicans
23981	5476	candida albicans
23986	5476	candida albicans
23988	5476	candida albicans
23989	5476	candida albicans
2399	5476	candida albicans
23990	5476	candida albicans
23991	5476	candida albicans
23993	5476	candida albicans
23994	5476	candida albicans
23996	5476	candida albicans
23997	5476	candida albicans
24	5476	candida albicans
24000	5476	candida albicans
24002	5476	candida albicans
24004	5476	candida albicans
24005	5476	candida albicans
24006	5476	candida albicans
24007	5476	candida albicans
24008	5476	candida albicans
24009	5476	candida albicans
2401	5476	candida albicans
24010	5476	candida albicans
24011	5476	candida albicans
24013	5476	candida albicans
24014	5476	candida albicans
2402	5476	candida albicans
24020	5476	candida albicans
24021	5476	candida albicans
24022	5476	candida albicans
24023	5476	candida albicans
24024	5476	candida albicans
24025	5476	candida albicans
24029	5476	candida albicans
24030	5476	candida albicans
24032	5476	candida albicans
24034	5476	candida albicans
24036	5476	candida albicans
24037	5476	candida albicans
24039	5476	candida albicans
2404	5476	candida albicans
24040	5476	candida albicans
24042	5476	candida albicans
24043	5476	candida albicans
24045	5476	candida albicans
24046	5476	candida albicans
24047	5476	candida albicans
24048	5476	candida albicans
24049	5476	candida albicans
2405	5476	candida albicans
24050	5476	candida albicans
24052	5476	candida albicans
24053	5476	candida albicans
24054	5476	candida albicans
24055	5476	candida albicans
24056	5476	candida albicans
24058	5476	candida albicans
24059	5476	candida albicans
2406	5476	candida albicans
24060	5476	candida albicans
24061	5476	candida albicans
24062	5476	candida albicans
24063	5476	candida albicans
24065	5476	candida albicans
24067	5476	candida albicans
24068	5476	candida albicans
24069	5476	candida albicans
24070	5476	candida albicans
24072	5476	candida albicans
24073	5476	candida albicans
24076	5476	candida albicans
2408	5476	candida albicans
24080	5476	candida albicans
24081	5476	candida albicans
24085	5476	candida albicans
24086	5476	candida albicans
24089	5476	candida albicans
2409	5476	candida albicans
24090	5476	candida albicans
24092	5476	candida albicans
24093	5476	candida albicans
24094	5476	candida albicans
24095	5476	candida albicans
24097	5476	candida albicans
24098	5476	candida albicans
24100	5476	candida albicans
24102	5476	candida albicans
24103	5476	candida albicans
24104	5476	candida albicans
24105	5476	candida albicans
24106	5476	candida albicans
24107	5476	candida albicans
24108	5476	candida albicans
2411	5476	candida albicans
24110	5476	candida albicans
24112	5476	candida albicans
24113	5476	candida albicans
24114	5476	candida albicans
24115	5476	candida albicans
24117	5476	candida albicans
24118	5476	candida albicans
24119	5476	candida albicans
24120	5476	candida albicans
24122	5476	candida albicans
24123	5476	candida albicans
24125	5476	candida albicans
24129	5476	candida albicans
2413	5476	candida albicans
24130	5476	candida albicans
24131	5476	candida albicans
24132	5476	candida albicans
24133	5476	candida albicans
24134	5476	candida albicans
24136	5476	candida albicans
24137	5476	candida albicans
24138	5476	candida albicans
24139	5476	candida albicans
2414	5476	candida albicans
24140	5476	candida albicans
24141	5476	candida albicans
24142	5476	candida albicans
24146	5476	candida albicans
24147	5476	candida albicans
24150	5476	candida albicans
24151	5476	candida albicans
24152	5476	candida albicans
24154	5476	candida albicans
24155	5476	candida albicans
24156	5476	candida albicans
24157	5476	candida albicans
24158	5476	candida albicans
24159	5476	candida albicans
2416	5476	candida albicans
24160	5476	candida albicans
24161	5476	candida albicans
24163	5476	candida albicans
24166	5476	candida albicans
24167	5476	candida albicans
24170	5476	candida albicans
24171	5476	candida albicans
24175	5476	candida albicans
24180	5476	candida albicans
24182	5476	candida albicans
24183	5476	candida albicans
24185	5476	candida albicans
24186	5476	candida albicans
24187	5476	candida albicans
24190	5476	candida albicans
24193	5476	candida albicans
24194	5476	candida albicans
24197	5476	candida albicans
24198	5476	candida albicans
24199	5476	candida albicans
24200	5476	candida albicans
24201	5476	candida albicans
24202	5476	candida albicans
24205	5476	candida albicans
24206	5476	candida albicans
24207	5476	candida albicans
24208	5476	candida albicans
2421	5476	candida albicans
24210	5476	candida albicans
24212	5476	candida albicans
24213	5476	candida albicans
24214	5476	candida albicans
24215	5476	candida albicans
24216	5476	candida albicans
24217	5476	candida albicans
24218	5476	candida albicans
24219	5476	candida albicans
2422	5476	candida albicans
24220	5476	candida albicans
24221	5476	candida albicans
24222	5476	candida albicans
24223	5476	candida albicans
24224	5476	candida albicans
24225	5476	candida albicans
24226	5476	candida albicans
24227	5476	candida albicans
24228	5476	candida albicans
24229	5476	candida albicans
2423	5476	candida albicans
24230	5476	candida albicans
24231	5476	candida albicans
24232	5476	candida albicans
24233	5476	candida albicans
24234	5476	candida albicans
24235	5476	candida albicans
24236	5476	candida albicans
24237	5476	candida albicans
24238	5476	candida albicans
2424	5476	candida albicans
24241	5476	candida albicans
24242	5476	candida albicans
24244	5476	candida albicans
24245	5476	candida albicans
24246	5476	candida albicans
24247	5476	candida albicans
24248	5476	candida albicans
24253	5476	candida albicans
24255	5476	candida albicans
24256	5476	candida albicans
24257	5476	candida albicans
24258	5476	candida albicans
24259	5476	candida albicans
24261	5476	candida albicans
24262	5476	candida albicans
24263	5476	candida albicans
24264	5476	candida albicans
24265	5476	candida albicans
24266	5476	candida albicans
24267	5476	candida albicans
24268	5476	candida albicans
24269	5476	candida albicans
2427	5476	candida albicans
24271	5476	candida albicans
24272	5476	candida albicans
24273	5476	candida albicans
24275	5476	candida albicans
24276	5476	candida albicans
24277	5476	candida albicans
24279	5476	candida albicans
24280	5476	candida albicans
24286	5476	candida albicans
24287	5476	candida albicans
24289	5476	candida albicans
24290	5476	candida albicans
24291	5476	candida albicans
24292	5476	candida albicans
24293	5476	candida albicans
24294	5476	candida albicans
24295	5476	candida albicans
24297	5476	candida albicans
24298	5476	candida albicans
24299	5476	candida albicans
243	5476	candida albicans
24300	5476	candida albicans
24302	5476	candida albicans
24303	5476	candida albicans
24304	5476	candida albicans
24305	5476	candida albicans
24306	5476	candida albicans
24307	5476	candida albicans
24308	5476	candida albicans
24309	5476	candida albicans
24310	5476	candida albicans
24311	5476	candida albicans
24313	5476	candida albicans
24318	5476	candida albicans
24319	5476	candida albicans
24320	5476	candida albicans
24323	5476	candida albicans
24324	5476	candida albicans
24325	5476	candida albicans
24326	5476	candida albicans
24327	5476	candida albicans
24329	5476	candida albicans
2433	5476	candida albicans
24331	5476	candida albicans
24332	5476	candida albicans
24333	5476	candida albicans
24334	5476	candida albicans
24335	5476	candida albicans
24336	5476	candida albicans
24337	5476	candida albicans
24338	5476	candida albicans
2434	5476	candida albicans
24341	5476	candida albicans
24343	5476	candida albicans
24344	5476	candida albicans
24345	5476	candida albicans
24346	5476	candida albicans
24348	5476	candida albicans
24349	5476	candida albicans
24350	5476	candida albicans
24352	5476	candida albicans
24353	5476	candida albicans
24355	5476	candida albicans
24356	5476	candida albicans
24357	5476	candida albicans
24358	5476	candida albicans
24362	5476	candida albicans
24364	5476	candida albicans
24365	5476	candida albicans
24369	5476	candida albicans
24370	5476	candida albicans
24371	5476	candida albicans
24372	5476	candida albicans
24373	5476	candida albicans
24374	5476	candida albicans
24375	5476	candida albicans
24376	5476	candida albicans
24377	5476	candida albicans
24378	5476	candida albicans
24379	5476	candida albicans
24381	5476	candida albicans
24382	5476	candida albicans
24386	5476	candida albicans
24387	5476	candida albicans
24389	5476	candida albicans
24390	5476	candida albicans
24391	5476	candida albicans
24392	5476	candida albicans
24393	5476	candida albicans
24395	5476	candida albicans
24396	5476	candida albicans
24398	5476	candida albicans
244	5476	candida albicans
24400	5476	candida albicans
24401	5476	candida albicans
24402	5476	candida albicans
24403	5476	candida albicans
24404	5476	candida albicans
24410	5476	candida albicans
24411	5476	candida albicans
24412	5476	candida albicans
24413	5476	candida albicans
24415	5476	candida albicans
24416	5476	candida albicans
24417	5476	candida albicans
24418	5476	candida albicans
24419	5476	candida albicans
2442	5476	candida albicans
24421	5476	candida albicans
24422	5476	candida albicans
24424	5476	candida albicans
24425	5476	candida albicans
24426	5476	candida albicans
24428	5476	candida albicans
24429	5476	candida albicans
24431	5476	candida albicans
24433	5476	candida albicans
24434	5476	candida albicans
24435	5476	candida albicans
24437	5476	candida albicans
24438	5476	candida albicans
24439	5476	candida albicans
2444	5476	candida albicans
24440	5476	candida albicans
24442	5476	candida albicans
24445	5476	candida albicans
24446	5476	candida albicans
24449	5476	candida albicans
24450	5476	candida albicans
24452	5476	candida albicans
24453	5476	candida albicans
24454	5476	candida albicans
24456	5476	candida albicans
24457	5476	candida albicans
24458	5476	candida albicans
24459	5476	candida albicans
24460	5476	candida albicans
24462	5476	candida albicans
24463	5476	candida albicans
24464	5476	candida albicans
24465	5476	candida albicans
24467	5476	candida albicans
24468	5476	candida albicans
24471	5476	candida albicans
24472	5476	candida albicans
24473	5476	candida albicans
24474	5476	candida albicans
24476	5476	candida albicans
2448	5476	candida albicans
24481	5476	candida albicans
24482	5476	candida albicans
24483	5476	candida albicans
24486	5476	candida albicans
24487	5476	candida albicans
2449	5476	candida albicans
24491	5476	candida albicans
24492	5476	candida albicans
24493	5476	candida albicans
24495	5476	candida albicans
24496	5476	candida albicans
24497	5476	candida albicans
245	5476	candida albicans
2450	5476	candida albicans
24500	5476	candida albicans
24501	5476	candida albicans
24504	5476	candida albicans
24505	5476	candida albicans
24508	5476	candida albicans
24509	5476	candida albicans
24510	5476	candida albicans
24512	5476	candida albicans
24514	5476	candida albicans
24515	5476	candida albicans
24516	5476	candida albicans
24517	5476	candida albicans
24518	5476	candida albicans
24519	5476	candida albicans
24521	5476	candida albicans
24522	5476	candida albicans
24524	5476	candida albicans
24528	5476	candida albicans
24529	5476	candida albicans
24530	5476	candida albicans
24531	5476	candida albicans
24532	5476	candida albicans
24535	5476	candida albicans
24536	5476	candida albicans
24537	5476	candida albicans
24538	5476	candida albicans
2454	5476	candida albicans
24540	5476	candida albicans
24541	5476	candida albicans
24542	5476	candida albicans
24543	5476	candida albicans
24544	5476	candida albicans
24545	5476	candida albicans
24546	5476	candida albicans
24548	5476	candida albicans
24549	5476	candida albicans
2455	5476	candida albicans
24550	5476	candida albicans
24552	5476	candida albicans
24553	5476	candida albicans
24554	5476	candida albicans
24556	5476	candida albicans
24557	5476	candida albicans
24558	5476	candida albicans
24559	5476	candida albicans
24560	5476	candida albicans
24562	5476	candida albicans
24563	5476	candida albicans
24564	5476	candida albicans
24565	5476	candida albicans
24566	5476	candida albicans
24567	5476	candida albicans
24568	5476	candida albicans
24569	5476	candida albicans
24570	5476	candida albicans
24571	5476	candida albicans
24572	5476	candida albicans
24573	5476	candida albicans
24574	5476	candida albicans
24576	5476	candida albicans
24577	5476	candida albicans
24578	5476	candida albicans
24579	5476	candida albicans
24580	5476	candida albicans
24582	5476	candida albicans
24583	5476	candida albicans
24585	5476	candida albicans
24587	5476	candida albicans
24588	5476	candida albicans
24589	5476	candida albicans
2459	5476	candida albicans
24590	5476	candida albicans
24596	5476	candida albicans
24597	5476	candida albicans
24598	5476	candida albicans
24599	5476	candida albicans
2460	5476	candida albicans
24601	5476	candida albicans
24603	5476	candida albicans
24604	5476	candida albicans
24605	5476	candida albicans
24606	5476	candida albicans
24607	5476	candida albicans
24609	5476	candida albicans
24610	5476	candida albicans
24612	5476	candida albicans
24614	5476	candida albicans
24617	5476	candida albicans
24618	5476	candida albicans
24619	5476	candida albicans
2462	5476	candida albicans
24622	5476	candida albicans
24623	5476	candida albicans
24624	5476	candida albicans
24625	5476	candida albicans
24626	5476	candida albicans
24627	5476	candida albicans
24629	5476	candida albicans
2463	5476	candida albicans
24630	5476	candida albicans
24632	5476	candida albicans
24635	5476	candida albicans
24637	5476	candida albicans
24638	5476	candida albicans
2464	5476	candida albicans
24641	5476	candida albicans
24643	5476	candida albicans
24644	5476	candida albicans
24647	5476	candida albicans
24648	5476	candida albicans
24649	5476	candida albicans
24652	5476	candida albicans
24653	5476	candida albicans
24654	5476	candida albicans
24657	5476	candida albicans
24658	5476	candida albicans
24660	5476	candida albicans
24663	5476	candida albicans
24668	5476	candida albicans
24670	5476	candida albicans
24671	5476	candida albicans
24672	5476	candida albicans
24675	5476	candida albicans
24676	5476	candida albicans
24677	5476	candida albicans
24679	5476	candida albicans
2468	5476	candida albicans
24680	5476	candida albicans
24683	5476	candida albicans
24684	5476	candida albicans
24685	5476	candida albicans
24686	5476	candida albicans
24688	5476	candida albicans
24689	5476	candida albicans
2469	5476	candida albicans
24690	5476	candida albicans
24691	5476	candida albicans
24692	5476	candida albicans
24693	5476	candida albicans
24694	5476	candida albicans
24695	5476	candida albicans
24696	5476	candida albicans
24698	5476	candida albicans
24699	5476	candida albicans
2470	5476	candida albicans
24701	5476	candida albicans
24702	5476	candida albicans
24703	5476	candida albicans
24704	5476	candida albicans
24706	5476	candida albicans
24707	5476	candida albicans
24710	5476	candida albicans
24714	5476	candida albicans
24716	5476	candida albicans
24717	5476	candida albicans
24718	5476	candida albicans
24719	5476	candida albicans
24720	5476	candida albicans
24721	5476	candida albicans
24722	5476	candida albicans
24723	5476	candida albicans
24725	5476	candida albicans
24727	5476	candida albicans
24728	5476	candida albicans
24729	5476	candida albicans
24730	5476	candida albicans
24732	5476	candida albicans
24733	5476	candida albicans
24734	5476	candida albicans
24735	5476	candida albicans
24736	5476	candida albicans
24737	5476	candida albicans
24739	5476	candida albicans
2474	5476	candida albicans
24740	5476	candida albicans
24742	5476	candida albicans
24743	5476	candida albicans
24744	5476	candida albicans
24745	5476	candida albicans
24747	5476	candida albicans
24748	5476	candida albicans
24749	5476	candida albicans
24750	5476	candida albicans
24751	5476	candida albicans
24752	5476	candida albicans
24753	5476	candida albicans
24754	5476	candida albicans
24755	5476	candida albicans
24756	5476	candida albicans
24757	5476	candida albicans
24760	5476	candida albicans
24761	5476	candida albicans
24762	5476	candida albicans
24763	5476	candida albicans
24765	5476	candida albicans
24767	5476	candida albicans
24768	5476	candida albicans
24769	5476	candida albicans
24773	5476	candida albicans
24775	5476	candida albicans
24777	5476	candida albicans
24778	5476	candida albicans
24779	5476	candida albicans
2478	5476	candida albicans
24780	5476	candida albicans
24781	5476	candida albicans
24782	5476	candida albicans
24783	5476	candida albicans
24784	5476	candida albicans
24785	5476	candida albicans
24786	5476	candida albicans
24788	5476	candida albicans
24790	5476	candida albicans
24791	5476	candida albicans
24795	5476	candida albicans
24796	5476	candida albicans
24797	5476	candida albicans
248	5476	candida albicans
2480	5476	candida albicans
24800	5476	candida albicans
24801	5476	candida albicans
24802	5476	candida albicans
24803	5476	candida albicans
24804	5476	candida albicans
24805	5476	candida albicans
24806	5476	candida albicans
24807	5476	candida albicans
24808	5476	candida albicans
24810	5476	candida albicans
24811	5476	candida albicans
24814	5476	candida albicans
24816	5476	candida albicans
24817	5476	candida albicans
24820	5476	candida albicans
24821	5476	candida albicans
24823	5476	candida albicans
24824	5476	candida albicans
24825	5476	candida albicans
24828	5476	candida albicans
2483	5476	candida albicans
24831	5476	candida albicans
24832	5476	candida albicans
24833	5476	candida albicans
24834	5476	candida albicans
24835	5476	candida albicans
24836	5476	candida albicans
24837	5476	candida albicans
24839	5476	candida albicans
24840	5476	candida albicans
24842	5476	candida albicans
24843	5476	candida albicans
24844	5476	candida albicans
24845	5476	candida albicans
24846	5476	candida albicans
24847	5476	candida albicans
24850	5476	candida albicans
24851	5476	candida albicans
24853	5476	candida albicans
24854	5476	candida albicans
24856	5476	candida albicans
24858	5476	candida albicans
2486	5476	candida albicans
24862	5476	candida albicans
24863	5476	candida albicans
24864	5476	candida albicans
24866	5476	candida albicans
24867	5476	candida albicans
24868	5476	candida albicans
24871	5476	candida albicans
24872	5476	candida albicans
24875	5476	candida albicans
24878	5476	candida albicans
24879	5476	candida albicans
24881	5476	candida albicans
24882	5476	candida albicans
24884	5476	candida albicans
24885	5476	candida albicans
24886	5476	candida albicans
24889	5476	candida albicans
24893	5476	candida albicans
24895	5476	candida albicans
24896	5476	candida albicans
24897	5476	candida albicans
24898	5476	candida albicans
24899	5476	candida albicans
24900	5476	candida albicans
24901	5476	candida albicans
24904	5476	candida albicans
24906	5476	candida albicans
24907	5476	candida albicans
24909	5476	candida albicans
2491	5476	candida albicans
24910	5476	candida albicans
24911	5476	candida albicans
24912	5476	candida albicans
24913	5476	candida albicans
24915	5476	candida albicans
24916	5476	candida albicans
24917	5476	candida albicans
24918	5476	candida albicans
24919	5476	candida albicans
2492	5476	candida albicans
24920	5476	candida albicans
24921	5476	candida albicans
24923	5476	candida albicans
24924	5476	candida albicans
24925	5476	candida albicans
24927	5476	candida albicans
24928	5476	candida albicans
24930	5476	candida albicans
24934	5476	candida albicans
24935	5476	candida albicans
24937	5476	candida albicans
24941	5476	candida albicans
24942	5476	candida albicans
24943	5476	candida albicans
24948	5476	candida albicans
24949	5476	candida albicans
2495	5476	candida albicans
24950	5476	candida albicans
24951	5476	candida albicans
24953	5476	candida albicans
24954	5476	candida albicans
24955	5476	candida albicans
24956	5476	candida albicans
24957	5476	candida albicans
24958	5476	candida albicans
2496	5476	candida albicans
24961	5476	candida albicans
24962	5476	candida albicans
24963	5476	candida albicans
24964	5476	candida albicans
24965	5476	candida albicans
24966	5476	candida albicans
24967	5476	candida albicans
24968	5476	candida albicans
24969	5476	candida albicans
2497	5476	candida albicans
24971	5476	candida albicans
24972	5476	candida albicans
24973	5476	candida albicans
24974	5476	candida albicans
24977	5476	candida albicans
24978	5476	candida albicans
24979	5476	candida albicans
2498	5476	candida albicans
24981	5476	candida albicans
24982	5476	candida albicans
24983	5476	candida albicans
24986	5476	candida albicans
24987	5476	candida albicans
24988	5476	candida albicans
24989	5476	candida albicans
24990	5476	candida albicans
24992	5476	candida albicans
24993	5476	candida albicans
24994	5476	candida albicans
24996	5476	candida albicans
24997	5476	candida albicans
25	5476	candida albicans
2500	5476	candida albicans
25000	5476	candida albicans
25001	5476	candida albicans
25003	5476	candida albicans
25004	5476	candida albicans
25005	5476	candida albicans
25006	5476	candida albicans
25008	5476	candida albicans
25010	5476	candida albicans
25011	5476	candida albicans
25012	5476	candida albicans
25013	5476	candida albicans
25014	5476	candida albicans
25015	5476	candida albicans
25017	5476	candida albicans
25018	5476	candida albicans
2502	5476	candida albicans
25020	5476	candida albicans
25021	5476	candida albicans
25022	5476	candida albicans
25023	5476	candida albicans
25025	5476	candida albicans
25026	5476	candida albicans
25027	5476	candida albicans
25028	5476	candida albicans
2503	5476	candida albicans
25030	5476	candida albicans
25031	5476	candida albicans
25032	5476	candida albicans
25034	5476	candida albicans
25036	5476	candida albicans
25037	5476	candida albicans
25039	5476	candida albicans
25040	5476	candida albicans
25041	5476	candida albicans
25042	5476	candida albicans
25043	5476	candida albicans
25044	5476	candida albicans
25046	5476	candida albicans
25047	5476	candida albicans
25048	5476	candida albicans
25049	5476	candida albicans
2505	5476	candida albicans
25050	5476	candida albicans
25051	5476	candida albicans
25052	5476	candida albicans
25054	5476	candida albicans
25055	5476	candida albicans
25056	5476	candida albicans
25057	5476	candida albicans
25058	5476	candida albicans
2506	5476	candida albicans
25060	5476	candida albicans
25062	5476	candida albicans
25063	5476	candida albicans
25064	5476	candida albicans
25066	5476	candida albicans
25067	5476	candida albicans
25068	5476	candida albicans
25069	5476	candida albicans
2507	5476	candida albicans
25070	5476	candida albicans
25071	5476	candida albicans
25073	5476	candida albicans
25074	5476	candida albicans
25075	5476	candida albicans
25077	5476	candida albicans
25079	5476	candida albicans
25080	5476	candida albicans
25082	5476	candida albicans
25084	5476	candida albicans
25085	5476	candida albicans
25087	5476	candida albicans
25088	5476	candida albicans
2509	5476	candida albicans
25090	5476	candida albicans
25091	5476	candida albicans
25095	5476	candida albicans
251	5476	candida albicans
2510	5476	candida albicans
25100	5476	candida albicans
25101	5476	candida albicans
25102	5476	candida albicans
25104	5476	candida albicans
25105	5476	candida albicans
25106	5476	candida albicans
25108	5476	candida albicans
25109	5476	candida albicans
25110	5476	candida albicans
25111	5476	candida albicans
25112	5476	candida albicans
25113	5476	candida albicans
25114	5476	candida albicans
25115	5476	candida albicans
25116	5476	candida albicans
25117	5476	candida albicans
25118	5476	candida albicans
25119	5476	candida albicans
25120	5476	candida albicans
25121	5476	candida albicans
25123	5476	candida albicans
25124	5476	candida albicans
25125	5476	candida albicans
25126	5476	candida albicans
25128	5476	candida albicans
25129	5476	candida albicans
2513	5476	candida albicans
25130	5476	candida albicans
25131	5476	candida albicans
25132	5476	candida albicans
25133	5476	candida albicans
25134	5476	candida albicans
25135	5476	candida albicans
25136	5476	candida albicans
25139	5476	candida albicans
25140	5476	candida albicans
25141	5476	candida albicans
25142	5476	candida albicans
25143	5476	candida albicans
25144	5476	candida albicans
25145	5476	candida albicans
25146	5476	candida albicans
25147	5476	candida albicans
25148	5476	candida albicans
2515	5476	candida albicans
25150	5476	candida albicans
25151	5476	candida albicans
25152	5476	candida albicans
25153	5476	candida albicans
25154	5476	candida albicans
25155	5476	candida albicans
25156	5476	candida albicans
25157	5476	candida albicans
25158	5476	candida albicans
25159	5476	candida albicans
2516	5476	candida albicans
25163	5476	candida albicans
25164	5476	candida albicans
25165	5476	candida albicans
25167	5476	candida albicans
25168	5476	candida albicans
25170	5476	candida albicans
25171	5476	candida albicans
25172	5476	candida albicans
25173	5476	candida albicans
25175	5476	candida albicans
25176	5476	candida albicans
25177	5476	candida albicans
25178	5476	candida albicans
25179	5476	candida albicans
25180	5476	candida albicans
25181	5476	candida albicans
25182	5476	candida albicans
25183	5476	candida albicans
25184	5476	candida albicans
25185	5476	candida albicans
25186	5476	candida albicans
25187	5476	candida albicans
25189	5476	candida albicans
25190	5476	candida albicans
25191	5476	candida albicans
25192	5476	candida albicans
25194	5476	candida albicans
25196	5476	candida albicans
25198	5476	candida albicans
25199	5476	candida albicans
25200	5476	candida albicans
25201	5476	candida albicans
25202	5476	candida albicans
25204	5476	candida albicans
25205	5476	candida albicans
25206	5476	candida albicans
25208	5476	candida albicans
25209	5476	candida albicans
25211	5476	candida albicans
25212	5476	candida albicans
25213	5476	candida albicans
25215	5476	candida albicans
25217	5476	candida albicans
25219	5476	candida albicans
25222	5476	candida albicans
25223	5476	candida albicans
25224	5476	candida albicans
25226	5476	candida albicans
25227	5476	candida albicans
25229	5476	candida albicans
25230	5476	candida albicans
25231	5476	candida albicans
25232	5476	candida albicans
25233	5476	candida albicans
25234	5476	candida albicans
25235	5476	candida albicans
25236	5476	candida albicans
25240	5476	candida albicans
25242	5476	candida albicans
25243	5476	candida albicans
25244	5476	candida albicans
25245	5476	candida albicans
25247	5476	candida albicans
25248	5476	candida albicans
25250	5476	candida albicans
25251	5476	candida albicans
25252	5476	candida albicans
25253	5476	candida albicans
25256	5476	candida albicans
25258	5476	candida albicans
25259	5476	candida albicans
2526	5476	candida albicans
25260	5476	candida albicans
25261	5476	candida albicans
25262	5476	candida albicans
25263	5476	candida albicans
25264	5476	candida albicans
25265	5476	candida albicans
25267	5476	candida albicans
25268	5476	candida albicans
25269	5476	candida albicans
25271	5476	candida albicans
25272	5476	candida albicans
25273	5476	candida albicans
25274	5476	candida albicans
25275	5476	candida albicans
25276	5476	candida albicans
25277	5476	candida albicans
25279	5476	candida albicans
2528	5476	candida albicans
25280	5476	candida albicans
25281	5476	candida albicans
25282	5476	candida albicans
25283	5476	candida albicans
25284	5476	candida albicans
25285	5476	candida albicans
25286	5476	candida albicans
25287	5476	candida albicans
25289	5476	candida albicans
2529	5476	candida albicans
25294	5476	candida albicans
25295	5476	candida albicans
25296	5476	candida albicans
25299	5476	candida albicans
25300	5476	candida albicans
25301	5476	candida albicans
25302	5476	candida albicans
25303	5476	candida albicans
25308	5476	candida albicans
25309	5476	candida albicans
25310	5476	candida albicans
25311	5476	candida albicans
25312	5476	candida albicans
25313	5476	candida albicans
25316	5476	candida albicans
25317	5476	candida albicans
25318	5476	candida albicans
25319	5476	candida albicans
25321	5476	candida albicans
25323	5476	candida albicans
25325	5476	candida albicans
25327	5476	candida albicans
25329	5476	candida albicans
25330	5476	candida albicans
25331	5476	candida albicans
25332	5476	candida albicans
25333	5476	candida albicans
25334	5476	candida albicans
25335	5476	candida albicans
25336	5476	candida albicans
25338	5476	candida albicans
25339	5476	candida albicans
25340	5476	candida albicans
25341	5476	candida albicans
25343	5476	candida albicans
25345	5476	candida albicans
25347	5476	candida albicans
25348	5476	candida albicans
25349	5476	candida albicans
25350	5476	candida albicans
25351	5476	candida albicans
25352	5476	candida albicans
25353	5476	candida albicans
25354	5476	candida albicans
25355	5476	candida albicans
25357	5476	candida albicans
25358	5476	candida albicans
25359	5476	candida albicans
2536	5476	candida albicans
25360	5476	candida albicans
25361	5476	candida albicans
25362	5476	candida albicans
25363	5476	candida albicans
25364	5476	candida albicans
25365	5476	candida albicans
25366	5476	candida albicans
25369	5476	candida albicans
2537	5476	candida albicans
25370	5476	candida albicans
25371	5476	candida albicans
25372	5476	candida albicans
25375	5476	candida albicans
25377	5476	candida albicans
25379	5476	candida albicans
25380	5476	candida albicans
25382	5476	candida albicans
25384	5476	candida albicans
25385	5476	candida albicans
25386	5476	candida albicans
25388	5476	candida albicans
25390	5476	candida albicans
25392	5476	candida albicans
25394	5476	candida albicans
25395	5476	candida albicans
25396	5476	candida albicans
25397	5476	candida albicans
25398	5476	candida albicans
25399	5476	candida albicans
254	5476	candida albicans
25400	5476	candida albicans
25401	5476	candida albicans
25403	5476	candida albicans
25405	5476	candida albicans
25406	5476	candida albicans
25407	5476	candida albicans
25412	5476	candida albicans
25413	5476	candida albicans
25414	5476	candida albicans
25415	5476	candida albicans
25416	5476	candida albicans
25418	5476	candida albicans
25419	5476	candida albicans
2542	5476	candida albicans
25420	5476	candida albicans
25421	5476	candida albicans
25422	5476	candida albicans
25423	5476	candida albicans
25424	5476	candida albicans
25426	5476	candida albicans
25427	5476	candida albicans
25430	5476	candida albicans
25431	5476	candida albicans
25432	5476	candida albicans
25433	5476	candida albicans
25434	5476	candida albicans
25435	5476	candida albicans
25438	5476	candida albicans
2544	5476	candida albicans
25440	5476	candida albicans
25441	5476	candida albicans
25442	5476	candida albicans
25443	5476	candida albicans
25445	5476	candida albicans
25446	5476	candida albicans
25448	5476	candida albicans
25449	5476	candida albicans
2545	5476	candida albicans
25450	5476	candida albicans
25451	5476	candida albicans
25452	5476	candida albicans
25454	5476	candida albicans
25456	5476	candida albicans
25457	5476	candida albicans
25458	5476	candida albicans
25459	5476	candida albicans
25460	5476	candida albicans
25462	5476	candida albicans
25464	5476	candida albicans
25466	5476	candida albicans
25469	5476	candida albicans
25470	5476	candida albicans
25471	5476	candida albicans
25473	5476	candida albicans
25474	5476	candida albicans
25475	5476	candida albicans
25476	5476	candida albicans
25477	5476	candida albicans
25478	5476	candida albicans
25479	5476	candida albicans
25480	5476	candida albicans
25481	5476	candida albicans
25482	5476	candida albicans
25487	5476	candida albicans
25488	5476	candida albicans
25489	5476	candida albicans
2549	5476	candida albicans
25490	5476	candida albicans
25491	5476	candida albicans
25492	5476	candida albicans
25493	5476	candida albicans
25494	5476	candida albicans
25495	5476	candida albicans
25496	5476	candida albicans
255	5476	candida albicans
25501	5476	candida albicans
25504	5476	candida albicans
25505	5476	candida albicans
25506	5476	candida albicans
25507	5476	candida albicans
25509	5476	candida albicans
2551	5476	candida albicans
25510	5476	candida albicans
25511	5476	candida albicans
25512	5476	candida albicans
25513	5476	candida albicans
25514	5476	candida albicans
25515	5476	candida albicans
25516	5476	candida albicans
25517	5476	candida albicans
25518	5476	candida albicans
25520	5476	candida albicans
25521	5476	candida albicans
25522	5476	candida albicans
25523	5476	candida albicans
25524	5476	candida albicans
25525	5476	candida albicans
25526	5476	candida albicans
25527	5476	candida albicans
25528	5476	candida albicans
25529	5476	candida albicans
25530	5476	candida albicans
25531	5476	candida albicans
25532	5476	candida albicans
25533	5476	candida albicans
25535	5476	candida albicans
25536	5476	candida albicans
25537	5476	candida albicans
25538	5476	candida albicans
25539	5476	candida albicans
2554	5476	candida albicans
25540	5476	candida albicans
25541	5476	candida albicans
25543	5476	candida albicans
25544	5476	candida albicans
25545	5476	candida albicans
25546	5476	candida albicans
25547	5476	candida albicans
25548	5476	candida albicans
25549	5476	candida albicans
25550	5476	candida albicans
25551	5476	candida albicans
25552	5476	candida albicans
25553	5476	candida albicans
25556	5476	candida albicans
25557	5476	candida albicans
2556	5476	candida albicans
25560	5476	candida albicans
25562	5476	candida albicans
25566	5476	candida albicans
25568	5476	candida albicans
25569	5476	candida albicans
25570	5476	candida albicans
25571	5476	candida albicans
25572	5476	candida albicans
25574	5476	candida albicans
25575	5476	candida albicans
25579	5476	candida albicans
25580	5476	candida albicans
25581	5476	candida albicans
25582	5476	candida albicans
25583	5476	candida albicans
25586	5476	candida albicans
25588	5476	candida albicans
25589	5476	candida albicans
2559	5476	candida albicans
25590	5476	candida albicans
25591	5476	candida albicans
25592	5476	candida albicans
25593	5476	candida albicans
25594	5476	candida albicans
25595	5476	candida albicans
25596	5476	candida albicans
25597	5476	candida albicans
25598	5476	candida albicans
25599	5476	candida albicans
2560	5476	candida albicans
25600	5476	candida albicans
25602	5476	candida albicans
25603	5476	candida albicans
25604	5476	candida albicans
25606	5476	candida albicans
25608	5476	candida albicans
25609	5476	candida albicans
25610	5476	candida albicans
25611	5476	candida albicans
25613	5476	candida albicans
25614	5476	candida albicans
25617	5476	candida albicans
25618	5476	candida albicans
25619	5476	candida albicans
25620	5476	candida albicans
25621	5476	candida albicans
25622	5476	candida albicans
25625	5476	candida albicans
25626	5476	candida albicans
25627	5476	candida albicans
2563	5476	candida albicans
25631	5476	candida albicans
25632	5476	candida albicans
25634	5476	candida albicans
25636	5476	candida albicans
25638	5476	candida albicans
25639	5476	candida albicans
2564	5476	candida albicans
25640	5476	candida albicans
25641	5476	candida albicans
25643	5476	candida albicans
25644	5476	candida albicans
25647	5476	candida albicans
25649	5476	candida albicans
25650	5476	candida albicans
25651	5476	candida albicans
25652	5476	candida albicans
25654	5476	candida albicans
25655	5476	candida albicans
25656	5476	candida albicans
25659	5476	candida albicans
25660	5476	candida albicans
25661	5476	candida albicans
25662	5476	candida albicans
25663	5476	candida albicans
25664	5476	candida albicans
25666	5476	candida albicans
25667	5476	candida albicans
25668	5476	candida albicans
25669	5476	candida albicans
2567	5476	candida albicans
25671	5476	candida albicans
25673	5476	candida albicans
25674	5476	candida albicans
25676	5476	candida albicans
25678	5476	candida albicans
25679	5476	candida albicans
25680	5476	candida albicans
25681	5476	candida albicans
25682	5476	candida albicans
25683	5476	candida albicans
25684	5476	candida albicans
25685	5476	candida albicans
25688	5476	candida albicans
2569	5476	candida albicans
25692	5476	candida albicans
25693	5476	candida albicans
25694	5476	candida albicans
25695	5476	candida albicans
25696	5476	candida albicans
25697	5476	candida albicans
25699	5476	candida albicans
2570	5476	candida albicans
25700	5476	candida albicans
25701	5476	candida albicans
25702	5476	candida albicans
25703	5476	candida albicans
25704	5476	candida albicans
25705	5476	candida albicans
25706	5476	candida albicans
25707	5476	candida albicans
25708	5476	candida albicans
25710	5476	candida albicans
25711	5476	candida albicans
25714	5476	candida albicans
25715	5476	candida albicans
25716	5476	candida albicans
25717	5476	candida albicans
25718	5476	candida albicans
25719	5476	candida albicans
25721	5476	candida albicans
25723	5476	candida albicans
25724	5476	candida albicans
25725	5476	candida albicans
25729	5476	candida albicans
25730	5476	candida albicans
25731	5476	candida albicans
25733	5476	candida albicans
25734	5476	candida albicans
25735	5476	candida albicans
25737	5476	candida albicans
25739	5476	candida albicans
25740	5476	candida albicans
25741	5476	candida albicans
25742	5476	candida albicans
25744	5476	candida albicans
25745	5476	candida albicans
25749	5476	candida albicans
25750	5476	candida albicans
25752	5476	candida albicans
25753	5476	candida albicans
25754	5476	candida albicans
25755	5476	candida albicans
25756	5476	candida albicans
25757	5476	candida albicans
25759	5476	candida albicans
25760	5476	candida albicans
25761	5476	candida albicans
25766	5476	candida albicans
25768	5476	candida albicans
25769	5476	candida albicans
25770	5476	candida albicans
25771	5476	candida albicans
25772	5476	candida albicans
25773	5476	candida albicans
25774	5476	candida albicans
25775	5476	candida albicans
25776	5476	candida albicans
25777	5476	candida albicans
25778	5476	candida albicans
25780	5476	candida albicans
25781	5476	candida albicans
25782	5476	candida albicans
25784	5476	candida albicans
25785	5476	candida albicans
25786	5476	candida albicans
25787	5476	candida albicans
25789	5476	candida albicans
25790	5476	candida albicans
25791	5476	candida albicans
25792	5476	candida albicans
25794	5476	candida albicans
25795	5476	candida albicans
25796	5476	candida albicans
25797	5476	candida albicans
25798	5476	candida albicans
25799	5476	candida albicans
258	5476	candida albicans
2580	5476	candida albicans
25800	5476	candida albicans
25803	5476	candida albicans
25804	5476	candida albicans
25806	5476	candida albicans
25807	5476	candida albicans
25808	5476	candida albicans
25809	5476	candida albicans
25810	5476	candida albicans
25812	5476	candida albicans
25813	5476	candida albicans
25814	5476	candida albicans
25815	5476	candida albicans
25817	5476	candida albicans
25818	5476	candida albicans
25819	5476	candida albicans
2582	5476	candida albicans
25820	5476	candida albicans
25823	5476	candida albicans
25824	5476	candida albicans
25825	5476	candida albicans
25827	5476	candida albicans
25828	5476	candida albicans
25829	5476	candida albicans
25830	5476	candida albicans
25831	5476	candida albicans
25833	5476	candida albicans
25834	5476	candida albicans
25835	5476	candida albicans
25836	5476	candida albicans
25838	5476	candida albicans
25841	5476	candida albicans
25843	5476	candida albicans
25844	5476	candida albicans
25845	5476	candida albicans
25847	5476	candida albicans
25848	5476	candida albicans
25849	5476	candida albicans
25850	5476	candida albicans
25851	5476	candida albicans
25854	5476	candida albicans
25856	5476	candida albicans
25857	5476	candida albicans
25858	5476	candida albicans
25859	5476	candida albicans
2586	5476	candida albicans
25860	5476	candida albicans
25861	5476	candida albicans
25862	5476	candida albicans
25863	5476	candida albicans
25864	5476	candida albicans
25865	5476	candida albicans
25866	5476	candida albicans
25868	5476	candida albicans
2587	5476	candida albicans
25870	5476	candida albicans
25873	5476	candida albicans
25874	5476	candida albicans
25875	5476	candida albicans
25876	5476	candida albicans
25878	5476	candida albicans
25879	5476	candida albicans
25880	5476	candida albicans
25882	5476	candida albicans
25883	5476	candida albicans
25884	5476	candida albicans
25885	5476	candida albicans
25886	5476	candida albicans
25887	5476	candida albicans
25888	5476	candida albicans
25889	5476	candida albicans
2589	5476	candida albicans
25890	5476	candida albicans
25891	5476	candida albicans
25892	5476	candida albicans
25894	5476	candida albicans
25895	5476	candida albicans
25896	5476	candida albicans
25898	5476	candida albicans
259	5476	candida albicans
25900	5476	candida albicans
25904	5476	candida albicans
25905	5476	candida albicans
25906	5476	candida albicans
25907	5476	candida albicans
25909	5476	candida albicans
25910	5476	candida albicans
25912	5476	candida albicans
25913	5476	candida albicans
25914	5476	candida albicans
25915	5476	candida albicans
25918	5476	candida albicans
25920	5476	candida albicans
25921	5476	candida albicans
25922	5476	candida albicans
25923	5476	candida albicans
25924	5476	candida albicans
25925	5476	candida albicans
25926	5476	candida albicans
25927	5476	candida albicans
25928	5476	candida albicans
25929	5476	candida albicans
25930	5476	candida albicans
25931	5476	candida albicans
25934	5476	candida albicans
25935	5476	candida albicans
25936	5476	candida albicans
25937	5476	candida albicans
25938	5476	candida albicans
25939	5476	candida albicans
2594	5476	candida albicans
25940	5476	candida albicans
25941	5476	candida albicans
25942	5476	candida albicans
25943	5476	candida albicans
25944	5476	candida albicans
25945	5476	candida albicans
25949	5476	candida albicans
25950	5476	candida albicans
25951	5476	candida albicans
25953	5476	candida albicans
25956	5476	candida albicans
25958	5476	candida albicans
25959	5476	candida albicans
25960	5476	candida albicans
25961	5476	candida albicans
25962	5476	candida albicans
25966	5476	candida albicans
25967	5476	candida albicans
25969	5476	candida albicans
25971	5476	candida albicans
25972	5476	candida albicans
25973	5476	candida albicans
25974	5476	candida albicans
25975	5476	candida albicans
25976	5476	candida albicans
25978	5476	candida albicans
25979	5476	candida albicans
25980	5476	candida albicans
25981	5476	candida albicans
25983	5476	candida albicans
25984	5476	candida albicans
25986	5476	candida albicans
25987	5476	candida albicans
25988	5476	candida albicans
25989	5476	candida albicans
25994	5476	candida albicans
25995	5476	candida albicans
25997	5476	candida albicans
25998	5476	candida albicans
26	5476	candida albicans
260	5476	candida albicans
2600	5476	candida albicans
26000	5476	candida albicans
26003	5476	candida albicans
26004	5476	candida albicans
26005	5476	candida albicans
26007	5476	candida albicans
2601	5476	candida albicans
26010	5476	candida albicans
26012	5476	candida albicans
26013	5476	candida albicans
26014	5476	candida albicans
26015	5476	candida albicans
26018	5476	candida albicans
26021	5476	candida albicans
26022	5476	candida albicans
26024	5476	candida albicans
26025	5476	candida albicans
26026	5476	candida albicans
26027	5476	candida albicans
26030	5476	candida albicans
26031	5476	candida albicans
26032	5476	candida albicans
26034	5476	candida albicans
26035	5476	candida albicans
26036	5476	candida albicans
26037	5476	candida albicans
26038	5476	candida albicans
26039	5476	candida albicans
26041	5476	candida albicans
26042	5476	candida albicans
26043	5476	candida albicans
26044	5476	candida albicans
26047	5476	candida albicans
26048	5476	candida albicans
26049	5476	candida albicans
26050	5476	candida albicans
26051	5476	candida albicans
26052	5476	candida albicans
26054	5476	candida albicans
26056	5476	candida albicans
26057	5476	candida albicans
26058	5476	candida albicans
26059	5476	candida albicans
2606	5476	candida albicans
26060	5476	candida albicans
26065	5476	candida albicans
26067	5476	candida albicans
26068	5476	candida albicans
26069	5476	candida albicans
26072	5476	candida albicans
26073	5476	candida albicans
26074	5476	candida albicans
26076	5476	candida albicans
26078	5476	candida albicans
26081	5476	candida albicans
26082	5476	candida albicans
26083	5476	candida albicans
26084	5476	candida albicans
26085	5476	candida albicans
26086	5476	candida albicans
26087	5476	candida albicans
26089	5476	candida albicans
26090	5476	candida albicans
26091	5476	candida albicans
26092	5476	candida albicans
26093	5476	candida albicans
26094	5476	candida albicans
26096	5476	candida albicans
26098	5476	candida albicans
26099	5476	candida albicans
2610	5476	candida albicans
26100	5476	candida albicans
26101	5476	candida albicans
26103	5476	candida albicans
26107	5476	candida albicans
26108	5476	candida albicans
26109	5476	candida albicans
26110	5476	candida albicans
26111	5476	candida albicans
26112	5476	candida albicans
26114	5476	candida albicans
26115	5476	candida albicans
26117	5476	candida albicans
26119	5476	candida albicans
2612	5476	candida albicans
26120	5476	candida albicans
26121	5476	candida albicans
26122	5476	candida albicans
26123	5476	candida albicans
26124	5476	candida albicans
26126	5476	candida albicans
26127	5476	candida albicans
26128	5476	candida albicans
26129	5476	candida albicans
2613	5476	candida albicans
26130	5476	candida albicans
26131	5476	candida albicans
26132	5476	candida albicans
26133	5476	candida albicans
26134	5476	candida albicans
26136	5476	candida albicans
26138	5476	candida albicans
26139	5476	candida albicans
26140	5476	candida albicans
26141	5476	candida albicans
26142	5476	candida albicans
26143	5476	candida albicans
26144	5476	candida albicans
26145	5476	candida albicans
26146	5476	candida albicans
26147	5476	candida albicans
26148	5476	candida albicans
26149	5476	candida albicans
2615	5476	candida albicans
26150	5476	candida albicans
26151	5476	candida albicans
26152	5476	candida albicans
26153	5476	candida albicans
26154	5476	candida albicans
26155	5476	candida albicans
26157	5476	candida albicans
26158	5476	candida albicans
26159	5476	candida albicans
26161	5476	candida albicans
26162	5476	candida albicans
26164	5476	candida albicans
26165	5476	candida albicans
26166	5476	candida albicans
26167	5476	candida albicans
26168	5476	candida albicans
26170	5476	candida albicans
26171	5476	candida albicans
26173	5476	candida albicans
26175	5476	candida albicans
26176	5476	candida albicans
26177	5476	candida albicans
26178	5476	candida albicans
26179	5476	candida albicans
26180	5476	candida albicans
26181	5476	candida albicans
26183	5476	candida albicans
26185	5476	candida albicans
26186	5476	candida albicans
26187	5476	candida albicans
26188	5476	candida albicans
26189	5476	candida albicans
26191	5476	candida albicans
26192	5476	candida albicans
26193	5476	candida albicans
26194	5476	candida albicans
26197	5476	candida albicans
26198	5476	candida albicans
262	5476	candida albicans
26200	5476	candida albicans
26201	5476	candida albicans
26202	5476	candida albicans
26204	5476	candida albicans
26208	5476	candida albicans
26210	5476	candida albicans
26211	5476	candida albicans
26212	5476	candida albicans
26217	5476	candida albicans
26218	5476	candida albicans
26219	5476	candida albicans
2622	5476	candida albicans
26221	5476	candida albicans
26222	5476	candida albicans
26223	5476	candida albicans
26225	5476	candida albicans
26226	5476	candida albicans
26227	5476	candida albicans
26228	5476	candida albicans
26229	5476	candida albicans
2623	5476	candida albicans
26230	5476	candida albicans
26232	5476	candida albicans
26233	5476	candida albicans
26235	5476	candida albicans
26239	5476	candida albicans
2624	5476	candida albicans
26241	5476	candida albicans
26243	5476	candida albicans
26244	5476	candida albicans
26246	5476	candida albicans
26247	5476	candida albicans
26248	5476	candida albicans
26250	5476	candida albicans
26251	5476	candida albicans
26252	5476	candida albicans
26253	5476	candida albicans
26254	5476	candida albicans
26255	5476	candida albicans
26256	5476	candida albicans
26258	5476	candida albicans
26261	5476	candida albicans
26262	5476	candida albicans
26263	5476	candida albicans
26265	5476	candida albicans
26267	5476	candida albicans
2627	5476	candida albicans
26270	5476	candida albicans
26271	5476	candida albicans
26272	5476	candida albicans
26273	5476	candida albicans
26274	5476	candida albicans
26276	5476	candida albicans
26278	5476	candida albicans
2628	5476	candida albicans
26280	5476	candida albicans
26282	5476	candida albicans
26283	5476	candida albicans
26284	5476	candida albicans
26285	5476	candida albicans
26288	5476	candida albicans
2629	5476	candida albicans
26292	5476	candida albicans
26293	5476	candida albicans
26294	5476	candida albicans
26295	5476	candida albicans
26296	5476	candida albicans
26297	5476	candida albicans
26298	5476	candida albicans
26299	5476	candida albicans
2630	5476	candida albicans
26301	5476	candida albicans
26302	5476	candida albicans
26305	5476	candida albicans
26306	5476	candida albicans
26307	5476	candida albicans
26310	5476	candida albicans
26311	5476	candida albicans
26314	5476	candida albicans
26316	5476	candida albicans
26319	5476	candida albicans
26320	5476	candida albicans
26321	5476	candida albicans
26322	5476	candida albicans
26323	5476	candida albicans
26324	5476	candida albicans
26325	5476	candida albicans
26327	5476	candida albicans
26328	5476	candida albicans
26329	5476	candida albicans
26330	5476	candida albicans
26331	5476	candida albicans
26332	5476	candida albicans
26334	5476	candida albicans
26336	5476	candida albicans
26337	5476	candida albicans
26338	5476	candida albicans
26339	5476	candida albicans
2634	5476	candida albicans
26341	5476	candida albicans
26342	5476	candida albicans
26343	5476	candida albicans
26347	5476	candida albicans
26349	5476	candida albicans
26351	5476	candida albicans
26353	5476	candida albicans
26354	5476	candida albicans
26356	5476	candida albicans
26357	5476	candida albicans
26358	5476	candida albicans
2636	5476	candida albicans
26360	5476	candida albicans
26361	5476	candida albicans
26362	5476	candida albicans
26363	5476	candida albicans
26364	5476	candida albicans
26366	5476	candida albicans
26369	5476	candida albicans
2637	5476	candida albicans
26370	5476	candida albicans
26371	5476	candida albicans
26372	5476	candida albicans
26373	5476	candida albicans
26374	5476	candida albicans
26375	5476	candida albicans
26376	5476	candida albicans
26380	5476	candida albicans
26381	5476	candida albicans
26383	5476	candida albicans
26384	5476	candida albicans
26385	5476	candida albicans
26386	5476	candida albicans
26387	5476	candida albicans
26388	5476	candida albicans
26389	5476	candida albicans
26390	5476	candida albicans
26392	5476	candida albicans
26393	5476	candida albicans
26394	5476	candida albicans
26395	5476	candida albicans
26399	5476	candida albicans
26400	5476	candida albicans
26401	5476	candida albicans
26405	5476	candida albicans
26406	5476	candida albicans
26407	5476	candida albicans
26409	5476	candida albicans
2641	5476	candida albicans
26410	5476	candida albicans
26411	5476	candida albicans
26413	5476	candida albicans
26414	5476	candida albicans
26415	5476	candida albicans
26416	5476	candida albicans
26418	5476	candida albicans
26419	5476	candida albicans
26420	5476	candida albicans
26421	5476	candida albicans
26422	5476	candida albicans
26425	5476	candida albicans
26426	5476	candida albicans
26428	5476	candida albicans
26429	5476	candida albicans
2643	5476	candida albicans
26431	5476	candida albicans
26433	5476	candida albicans
26434	5476	candida albicans
26436	5476	candida albicans
26437	5476	candida albicans
26438	5476	candida albicans
26439	5476	candida albicans
2644	5476	candida albicans
26441	5476	candida albicans
26442	5476	candida albicans
26443	5476	candida albicans
26445	5476	candida albicans
26446	5476	candida albicans
26447	5476	candida albicans
26448	5476	candida albicans
2645	5476	candida albicans
26450	5476	candida albicans
26451	5476	candida albicans
26452	5476	candida albicans
26455	5476	candida albicans
26457	5476	candida albicans
26458	5476	candida albicans
26459	5476	candida albicans
2646	5476	candida albicans
26460	5476	candida albicans
26462	5476	candida albicans
26463	5476	candida albicans
26464	5476	candida albicans
26465	5476	candida albicans
26466	5476	candida albicans
26467	5476	candida albicans
26468	5476	candida albicans
2647	5476	candida albicans
26470	5476	candida albicans
26471	5476	candida albicans
26472	5476	candida albicans
26476	5476	candida albicans
26477	5476	candida albicans
26479	5476	candida albicans
26481	5476	candida albicans
26482	5476	candida albicans
26483	5476	candida albicans
26485	5476	candida albicans
26486	5476	candida albicans
26487	5476	candida albicans
26489	5476	candida albicans
26490	5476	candida albicans
26491	5476	candida albicans
26492	5476	candida albicans
26493	5476	candida albicans
26495	5476	candida albicans
26497	5476	candida albicans
26498	5476	candida albicans
2650	5476	candida albicans
26500	5476	candida albicans
26501	5476	candida albicans
26505	5476	candida albicans
26507	5476	candida albicans
26508	5476	candida albicans
26509	5476	candida albicans
2651	5476	candida albicans
26511	5476	candida albicans
26512	5476	candida albicans
26513	5476	candida albicans
26518	5476	candida albicans
26519	5476	candida albicans
26520	5476	candida albicans
26521	5476	candida albicans
26523	5476	candida albicans
26524	5476	candida albicans
26525	5476	candida albicans
26526	5476	candida albicans
26527	5476	candida albicans
26528	5476	candida albicans
26529	5476	candida albicans
26530	5476	candida albicans
26532	5476	candida albicans
26534	5476	candida albicans
26536	5476	candida albicans
26538	5476	candida albicans
26539	5476	candida albicans
26540	5476	candida albicans
26541	5476	candida albicans
26542	5476	candida albicans
26543	5476	candida albicans
26544	5476	candida albicans
26545	5476	candida albicans
26546	5476	candida albicans
26547	5476	candida albicans
26549	5476	candida albicans
2655	5476	candida albicans
26550	5476	candida albicans
26551	5476	candida albicans
26552	5476	candida albicans
26554	5476	candida albicans
26555	5476	candida albicans
26556	5476	candida albicans
26557	5476	candida albicans
26558	5476	candida albicans
26560	5476	candida albicans
26561	5476	candida albicans
26562	5476	candida albicans
26563	5476	candida albicans
26564	5476	candida albicans
26566	5476	candida albicans
26567	5476	candida albicans
26569	5476	candida albicans
26571	5476	candida albicans
26574	5476	candida albicans
26575	5476	candida albicans
26576	5476	candida albicans
26580	5476	candida albicans
26582	5476	candida albicans
26583	5476	candida albicans
26586	5476	candida albicans
26587	5476	candida albicans
26589	5476	candida albicans
2659	5476	candida albicans
26590	5476	candida albicans
26591	5476	candida albicans
26592	5476	candida albicans
26593	5476	candida albicans
26594	5476	candida albicans
26595	5476	candida albicans
26596	5476	candida albicans
26597	5476	candida albicans
266	5476	candida albicans
2660	5476	candida albicans
26600	5476	candida albicans
26601	5476	candida albicans
26602	5476	candida albicans
26603	5476	candida albicans
26604	5476	candida albicans
26605	5476	candida albicans
26606	5476	candida albicans
26609	5476	candida albicans
2661	5476	candida albicans
26612	5476	candida albicans
26613	5476	candida albicans
26614	5476	candida albicans
26615	5476	candida albicans
26616	5476	candida albicans
26617	5476	candida albicans
26620	5476	candida albicans
26621	5476	candida albicans
26623	5476	candida albicans
26625	5476	candida albicans
26626	5476	candida albicans
26627	5476	candida albicans
26628	5476	candida albicans
26629	5476	candida albicans
26630	5476	candida albicans
26631	5476	candida albicans
26633	5476	candida albicans
26637	5476	candida albicans
26638	5476	candida albicans
26639	5476	candida albicans
26640	5476	candida albicans
26641	5476	candida albicans
26642	5476	candida albicans
26643	5476	candida albicans
26644	5476	candida albicans
26645	5476	candida albicans
26646	5476	candida albicans
26647	5476	candida albicans
26650	5476	candida albicans
26651	5476	candida albicans
26652	5476	candida albicans
26653	5476	candida albicans
26654	5476	candida albicans
26655	5476	candida albicans
26657	5476	candida albicans
26659	5476	candida albicans
2666	5476	candida albicans
26660	5476	candida albicans
26661	5476	candida albicans
26662	5476	candida albicans
26663	5476	candida albicans
26664	5476	candida albicans
26666	5476	candida albicans
26667	5476	candida albicans
26668	5476	candida albicans
26669	5476	candida albicans
2667	5476	candida albicans
26670	5476	candida albicans
26671	5476	candida albicans
26672	5476	candida albicans
26673	5476	candida albicans
26674	5476	candida albicans
26675	5476	candida albicans
26676	5476	candida albicans
26677	5476	candida albicans
26679	5476	candida albicans
2668	5476	candida albicans
26680	5476	candida albicans
26681	5476	candida albicans
26682	5476	candida albicans
26683	5476	candida albicans
26684	5476	candida albicans
26685	5476	candida albicans
26686	5476	candida albicans
26687	5476	candida albicans
26688	5476	candida albicans
26689	5476	candida albicans
26690	5476	candida albicans
26691	5476	candida albicans
26692	5476	candida albicans
26694	5476	candida albicans
26695	5476	candida albicans
26696	5476	candida albicans
26699	5476	candida albicans
26702	5476	candida albicans
26703	5476	candida albicans
26704	5476	candida albicans
26705	5476	candida albicans
26706	5476	candida albicans
26707	5476	candida albicans
26708	5476	candida albicans
26709	5476	candida albicans
26711	5476	candida albicans
26712	5476	candida albicans
26713	5476	candida albicans
26714	5476	candida albicans
26715	5476	candida albicans
26716	5476	candida albicans
26717	5476	candida albicans
26718	5476	candida albicans
26722	5476	candida albicans
26723	5476	candida albicans
26725	5476	candida albicans
26728	5476	candida albicans
26730	5476	candida albicans
26731	5476	candida albicans
26732	5476	candida albicans
26733	5476	candida albicans
26734	5476	candida albicans
26735	5476	candida albicans
26736	5476	candida albicans
26737	5476	candida albicans
2674	5476	candida albicans
26740	5476	candida albicans
26741	5476	candida albicans
26742	5476	candida albicans
26743	5476	candida albicans
26744	5476	candida albicans
26745	5476	candida albicans
26746	5476	candida albicans
26747	5476	candida albicans
26748	5476	candida albicans
26749	5476	candida albicans
26751	5476	candida albicans
26752	5476	candida albicans
26753	5476	candida albicans
26754	5476	candida albicans
26758	5476	candida albicans
26759	5476	candida albicans
26763	5476	candida albicans
26764	5476	candida albicans
26767	5476	candida albicans
26769	5476	candida albicans
26770	5476	candida albicans
26771	5476	candida albicans
26773	5476	candida albicans
26775	5476	candida albicans
26776	5476	candida albicans
26777	5476	candida albicans
26779	5476	candida albicans
2678	5476	candida albicans
26780	5476	candida albicans
26781	5476	candida albicans
26782	5476	candida albicans
26783	5476	candida albicans
26784	5476	candida albicans
26785	5476	candida albicans
26786	5476	candida albicans
26787	5476	candida albicans
2679	5476	candida albicans
26790	5476	candida albicans
26792	5476	candida albicans
26793	5476	candida albicans
26794	5476	candida albicans
26798	5476	candida albicans
26799	5476	candida albicans
268	5476	candida albicans
26800	5476	candida albicans
26803	5476	candida albicans
26804	5476	candida albicans
26805	5476	candida albicans
26806	5476	candida albicans
26808	5476	candida albicans
26810	5476	candida albicans
26811	5476	candida albicans
26812	5476	candida albicans
26813	5476	candida albicans
26814	5476	candida albicans
26815	5476	candida albicans
26816	5476	candida albicans
2682	5476	candida albicans
26820	5476	candida albicans
26821	5476	candida albicans
26822	5476	candida albicans
26824	5476	candida albicans
26825	5476	candida albicans
26826	5476	candida albicans
26827	5476	candida albicans
26828	5476	candida albicans
26829	5476	candida albicans
26831	5476	candida albicans
26832	5476	candida albicans
26833	5476	candida albicans
26834	5476	candida albicans
26836	5476	candida albicans
26837	5476	candida albicans
26838	5476	candida albicans
26839	5476	candida albicans
26840	5476	candida albicans
26841	5476	candida albicans
26842	5476	candida albicans
26844	5476	candida albicans
26845	5476	candida albicans
26847	5476	candida albicans
26849	5476	candida albicans
2685	5476	candida albicans
26851	5476	candida albicans
26853	5476	candida albicans
26854	5476	candida albicans
26855	5476	candida albicans
26856	5476	candida albicans
26858	5476	candida albicans
26859	5476	candida albicans
2686	5476	candida albicans
26862	5476	candida albicans
26863	5476	candida albicans
26864	5476	candida albicans
26865	5476	candida albicans
26866	5476	candida albicans
26867	5476	candida albicans
26868	5476	candida albicans
26869	5476	candida albicans
26870	5476	candida albicans
26871	5476	candida albicans
26873	5476	candida albicans
26874	5476	candida albicans
26875	5476	candida albicans
26878	5476	candida albicans
2688	5476	candida albicans
26880	5476	candida albicans
26881	5476	candida albicans
26883	5476	candida albicans
26884	5476	candida albicans
26885	5476	candida albicans
26886	5476	candida albicans
26887	5476	candida albicans
26888	5476	candida albicans
26889	5476	candida albicans
2689	5476	candida albicans
26890	5476	candida albicans
26891	5476	candida albicans
26892	5476	candida albicans
26893	5476	candida albicans
26894	5476	candida albicans
26895	5476	candida albicans
26896	5476	candida albicans
26897	5476	candida albicans
26898	5476	candida albicans
26899	5476	candida albicans
269	5476	candida albicans
2690	5476	candida albicans
26902	5476	candida albicans
26903	5476	candida albicans
26904	5476	candida albicans
26905	5476	candida albicans
26906	5476	candida albicans
26907	5476	candida albicans
26909	5476	candida albicans
26910	5476	candida albicans
26911	5476	candida albicans
26912	5476	candida albicans
26914	5476	candida albicans
26916	5476	candida albicans
26917	5476	candida albicans
26918	5476	candida albicans
26919	5476	candida albicans
2692	5476	candida albicans
26920	5476	candida albicans
26923	5476	candida albicans
26924	5476	candida albicans
26926	5476	candida albicans
26927	5476	candida albicans
26928	5476	candida albicans
26929	5476	candida albicans
26930	5476	candida albicans
26932	5476	candida albicans
26936	5476	candida albicans
26937	5476	candida albicans
26939	5476	candida albicans
26940	5476	candida albicans
26943	5476	candida albicans
26944	5476	candida albicans
26945	5476	candida albicans
26947	5476	candida albicans
26948	5476	candida albicans
26949	5476	candida albicans
2695	5476	candida albicans
26950	5476	candida albicans
26954	5476	candida albicans
26956	5476	candida albicans
26957	5476	candida albicans
26958	5476	candida albicans
26961	5476	candida albicans
26962	5476	candida albicans
26963	5476	candida albicans
26966	5476	candida albicans
26967	5476	candida albicans
26968	5476	candida albicans
26969	5476	candida albicans
26970	5476	candida albicans
26971	5476	candida albicans
26972	5476	candida albicans
26974	5476	candida albicans
26978	5476	candida albicans
26979	5476	candida albicans
2698	5476	candida albicans
26981	5476	candida albicans
26983	5476	candida albicans
26984	5476	candida albicans
26985	5476	candida albicans
26986	5476	candida albicans
26987	5476	candida albicans
26988	5476	candida albicans
26989	5476	candida albicans
2699	5476	candida albicans
26991	5476	candida albicans
26992	5476	candida albicans
26993	5476	candida albicans
26994	5476	candida albicans
26997	5476	candida albicans
26999	5476	candida albicans
27	5476	candida albicans
2700	5476	candida albicans
27001	5476	candida albicans
27003	5476	candida albicans
27005	5476	candida albicans
27006	5476	candida albicans
27007	5476	candida albicans
27008	5476	candida albicans
27009	5476	candida albicans
27012	5476	candida albicans
27013	5476	candida albicans
27017	5476	candida albicans
27018	5476	candida albicans
2702	5476	candida albicans
27020	5476	candida albicans
27023	5476	candida albicans
27024	5476	candida albicans
27025	5476	candida albicans
27026	5476	candida albicans
27027	5476	candida albicans
27028	5476	candida albicans
27029	5476	candida albicans
2703	5476	candida albicans
27030	5476	candida albicans
27033	5476	candida albicans
27034	5476	candida albicans
27035	5476	candida albicans
27036	5476	candida albicans
27037	5476	candida albicans
27039	5476	candida albicans
2704	5476	candida albicans
27040	5476	candida albicans
27041	5476	candida albicans
27043	5476	candida albicans
27046	5476	candida albicans
27048	5476	candida albicans
27049	5476	candida albicans
27050	5476	candida albicans
27052	5476	candida albicans
27054	5476	candida albicans
27055	5476	candida albicans
27058	5476	candida albicans
27059	5476	candida albicans
2706	5476	candida albicans
27060	5476	candida albicans
27061	5476	candida albicans
27062	5476	candida albicans
27064	5476	candida albicans
27067	5476	candida albicans
2707	5476	candida albicans
27071	5476	candida albicans
27072	5476	candida albicans
27073	5476	candida albicans
27077	5476	candida albicans
27078	5476	candida albicans
27079	5476	candida albicans
2708	5476	candida albicans
27080	5476	candida albicans
27082	5476	candida albicans
27083	5476	candida albicans
27084	5476	candida albicans
27086	5476	candida albicans
27087	5476	candida albicans
27088	5476	candida albicans
27089	5476	candida albicans
27090	5476	candida albicans
27091	5476	candida albicans
27093	5476	candida albicans
27094	5476	candida albicans
27095	5476	candida albicans
27096	5476	candida albicans
27098	5476	candida albicans
27099	5476	candida albicans
2710	5476	candida albicans
27100	5476	candida albicans
27101	5476	candida albicans
27102	5476	candida albicans
27103	5476	candida albicans
27104	5476	candida albicans
27106	5476	candida albicans
27107	5476	candida albicans
27108	5476	candida albicans
27110	5476	candida albicans
27111	5476	candida albicans
27112	5476	candida albicans
27113	5476	candida albicans
27114	5476	candida albicans
27116	5476	candida albicans
27118	5476	candida albicans
27119	5476	candida albicans
27120	5476	candida albicans
27123	5476	candida albicans
27124	5476	candida albicans
27126	5476	candida albicans
27128	5476	candida albicans
27129	5476	candida albicans
27130	5476	candida albicans
27131	5476	candida albicans
27132	5476	candida albicans
27133	5476	candida albicans
27134	5476	candida albicans
27136	5476	candida albicans
27138	5476	candida albicans
27139	5476	candida albicans
27141	5476	candida albicans
27142	5476	candida albicans
27143	5476	candida albicans
27145	5476	candida albicans
27148	5476	candida albicans
27149	5476	candida albicans
2715	5476	candida albicans
27150	5476	candida albicans
27151	5476	candida albicans
27153	5476	candida albicans
27155	5476	candida albicans
27156	5476	candida albicans
27157	5476	candida albicans
27158	5476	candida albicans
27159	5476	candida albicans
2716	5476	candida albicans
27160	5476	candida albicans
27161	5476	candida albicans
27164	5476	candida albicans
27166	5476	candida albicans
27167	5476	candida albicans
2717	5476	candida albicans
27170	5476	candida albicans
27171	5476	candida albicans
27173	5476	candida albicans
27176	5476	candida albicans
27177	5476	candida albicans
27178	5476	candida albicans
2718	5476	candida albicans
27180	5476	candida albicans
27181	5476	candida albicans
27183	5476	candida albicans
27187	5476	candida albicans
27188	5476	candida albicans
2719	5476	candida albicans
27190	5476	candida albicans
27191	5476	candida albicans
27192	5476	candida albicans
27193	5476	candida albicans
27195	5476	candida albicans
27196	5476	candida albicans
27198	5476	candida albicans
27199	5476	candida albicans
272	5476	candida albicans
27200	5476	candida albicans
27201	5476	candida albicans
27203	5476	candida albicans
27205	5476	candida albicans
27206	5476	candida albicans
27207	5476	candida albicans
27209	5476	candida albicans
27214	5476	candida albicans
27215	5476	candida albicans
27216	5476	candida albicans
27217	5476	candida albicans
27218	5476	candida albicans
2722	5476	candida albicans
27220	5476	candida albicans
27222	5476	candida albicans
27224	5476	candida albicans
27225	5476	candida albicans
27227	5476	candida albicans
27228	5476	candida albicans
27230	5476	candida albicans
27231	5476	candida albicans
27232	5476	candida albicans
27233	5476	candida albicans
27234	5476	candida albicans
27236	5476	candida albicans
27238	5476	candida albicans
27239	5476	candida albicans
27240	5476	candida albicans
27244	5476	candida albicans
27245	5476	candida albicans
27246	5476	candida albicans
27247	5476	candida albicans
27248	5476	candida albicans
27249	5476	candida albicans
27250	5476	candida albicans
27252	5476	candida albicans
27254	5476	candida albicans
27256	5476	candida albicans
2726	5476	candida albicans
27260	5476	candida albicans
27261	5476	candida albicans
27263	5476	candida albicans
27264	5476	candida albicans
27267	5476	candida albicans
27270	5476	candida albicans
27271	5476	candida albicans
27272	5476	candida albicans
27273	5476	candida albicans
27274	5476	candida albicans
27276	5476	candida albicans
27278	5476	candida albicans
27279	5476	candida albicans
27280	5476	candida albicans
27281	5476	candida albicans
27282	5476	candida albicans
27283	5476	candida albicans
27284	5476	candida albicans
27288	5476	candida albicans
2729	5476	candida albicans
27290	5476	candida albicans
27294	5476	candida albicans
27295	5476	candida albicans
27296	5476	candida albicans
27298	5476	candida albicans
27299	5476	candida albicans
273	5476	candida albicans
27302	5476	candida albicans
27308	5476	candida albicans
27309	5476	candida albicans
2731	5476	candida albicans
27310	5476	candida albicans
27311	5476	candida albicans
27312	5476	candida albicans
27315	5476	candida albicans
27318	5476	candida albicans
27319	5476	candida albicans
27321	5476	candida albicans
27322	5476	candida albicans
27323	5476	candida albicans
27325	5476	candida albicans
27326	5476	candida albicans
27327	5476	candida albicans
27329	5476	candida albicans
2733	5476	candida albicans
27330	5476	candida albicans
27332	5476	candida albicans
27334	5476	candida albicans
27337	5476	candida albicans
27338	5476	candida albicans
2734	5476	candida albicans
27341	5476	candida albicans
27342	5476	candida albicans
27345	5476	candida albicans
27346	5476	candida albicans
27347	5476	candida albicans
27348	5476	candida albicans
2735	5476	candida albicans
27350	5476	candida albicans
27352	5476	candida albicans
27353	5476	candida albicans
27356	5476	candida albicans
27357	5476	candida albicans
27359	5476	candida albicans
27362	5476	candida albicans
27363	5476	candida albicans
27364	5476	candida albicans
27365	5476	candida albicans
27366	5476	candida albicans
27367	5476	candida albicans
27371	5476	candida albicans
27373	5476	candida albicans
27376	5476	candida albicans
27378	5476	candida albicans
27379	5476	candida albicans
2738	5476	candida albicans
27380	5476	candida albicans
27383	5476	candida albicans
27384	5476	candida albicans
27385	5476	candida albicans
27391	5476	candida albicans
27394	5476	candida albicans
27398	5476	candida albicans
274	5476	candida albicans
27400	5476	candida albicans
27401	5476	candida albicans
27402	5476	candida albicans
27403	5476	candida albicans
27405	5476	candida albicans
27411	5476	candida albicans
27413	5476	candida albicans
27416	5476	candida albicans
27417	5476	candida albicans
27418	5476	candida albicans
2742	5476	candida albicans
27420	5476	candida albicans
27421	5476	candida albicans
27423	5476	candida albicans
27425	5476	candida albicans
27426	5476	candida albicans
27430	5476	candida albicans
27431	5476	candida albicans
27432	5476	candida albicans
27434	5476	candida albicans
27435	5476	candida albicans
27436	5476	candida albicans
27438	5476	candida albicans
27440	5476	candida albicans
27442	5476	candida albicans
27444	5476	candida albicans
27445	5476	candida albicans
27446	5476	candida albicans
27447	5476	candida albicans
27449	5476	candida albicans
27450	5476	candida albicans
27451	5476	candida albicans
27452	5476	candida albicans
27453	5476	candida albicans
27457	5476	candida albicans
27458	5476	candida albicans
2746	5476	candida albicans
27460	5476	candida albicans
27461	5476	candida albicans
27463	5476	candida albicans
27467	5476	candida albicans
27468	5476	candida albicans
27469	5476	candida albicans
27471	5476	candida albicans
27472	5476	candida albicans
27473	5476	candida albicans
27474	5476	candida albicans
27475	5476	candida albicans
27476	5476	candida albicans
27477	5476	candida albicans
27478	5476	candida albicans
27479	5476	candida albicans
27481	5476	candida albicans
27482	5476	candida albicans
27483	5476	candida albicans
27484	5476	candida albicans
27486	5476	candida albicans
27487	5476	candida albicans
27488	5476	candida albicans
27489	5476	candida albicans
27492	5476	candida albicans
27493	5476	candida albicans
275	5476	candida albicans
27501	5476	candida albicans
27502	5476	candida albicans
27503	5476	candida albicans
27504	5476	candida albicans
27506	5476	candida albicans
27507	5476	candida albicans
27508	5476	candida albicans
2751	5476	candida albicans
27515	5476	candida albicans
27516	5476	candida albicans
27518	5476	candida albicans
27521	5476	candida albicans
27522	5476	candida albicans
27523	5476	candida albicans
27524	5476	candida albicans
27525	5476	candida albicans
27527	5476	candida albicans
27528	5476	candida albicans
27529	5476	candida albicans
2753	5476	candida albicans
27530	5476	candida albicans
27532	5476	candida albicans
27535	5476	candida albicans
27537	5476	candida albicans
27539	5476	candida albicans
27541	5476	candida albicans
27543	5476	candida albicans
27547	5476	candida albicans
27548	5476	candida albicans
27549	5476	candida albicans
2755	5476	candida albicans
27550	5476	candida albicans
27551	5476	candida albicans
27552	5476	candida albicans
27553	5476	candida albicans
27554	5476	candida albicans
27556	5476	candida albicans
27558	5476	candida albicans
27560	5476	candida albicans
27567	5476	candida albicans
27568	5476	candida albicans
27569	5476	candida albicans
27572	5476	candida albicans
27574	5476	candida albicans
27576	5476	candida albicans
27577	5476	candida albicans
27579	5476	candida albicans
27581	5476	candida albicans
27583	5476	candida albicans
27586	5476	candida albicans
27591	5476	candida albicans
27597	5476	candida albicans
27599	5476	candida albicans
2760	5476	candida albicans
27600	5476	candida albicans
27603	5476	candida albicans
27604	5476	candida albicans
27606	5476	candida albicans
27607	5476	candida albicans
27610	5476	candida albicans
27614	5476	candida albicans
27615	5476	candida albicans
27616	5476	candida albicans
27617	5476	candida albicans
27619	5476	candida albicans
2762	5476	candida albicans
27624	5476	candida albicans
27627	5476	candida albicans
27628	5476	candida albicans
27630	5476	candida albicans
27632	5476	candida albicans
27634	5476	candida albicans
27636	5476	candida albicans
27637	5476	candida albicans
27638	5476	candida albicans
27639	5476	candida albicans
27640	5476	candida albicans
27644	5476	candida albicans
27646	5476	candida albicans
27647	5476	candida albicans
27648	5476	candida albicans
2765	5476	candida albicans
27653	5476	candida albicans
27655	5476	candida albicans
27657	5476	candida albicans
27658	5476	candida albicans
2766	5476	candida albicans
27661	5476	candida albicans
27662	5476	candida albicans
27663	5476	candida albicans
27664	5476	candida albicans
27670	5476	candida albicans
27671	5476	candida albicans
27672	5476	candida albicans
27674	5476	candida albicans
27675	5476	candida albicans
27677	5476	candida albicans
27678	5476	candida albicans
2768	5476	candida albicans
27680	5476	candida albicans
27683	5476	candida albicans
27684	5476	candida albicans
27687	5476	candida albicans
27688	5476	candida albicans
27690	5476	candida albicans
27692	5476	candida albicans
27694	5476	candida albicans
27695	5476	candida albicans
27696	5476	candida albicans
27699	5476	candida albicans
2770	5476	candida albicans
27700	5476	candida albicans
27701	5476	candida albicans
27706	5476	candida albicans
27707	5476	candida albicans
27709	5476	candida albicans
2771	5476	candida albicans
27710	5476	candida albicans
27711	5476	candida albicans
27712	5476	candida albicans
27713	5476	candida albicans
27715	5476	candida albicans
27721	5476	candida albicans
27724	5476	candida albicans
27727	5476	candida albicans
27729	5476	candida albicans
27732	5476	candida albicans
27734	5476	candida albicans
27736	5476	candida albicans
27738	5476	candida albicans
27739	5476	candida albicans
27741	5476	candida albicans
27743	5476	candida albicans
27744	5476	candida albicans
27745	5476	candida albicans
27748	5476	candida albicans
27750	5476	candida albicans
27752	5476	candida albicans
27754	5476	candida albicans
27757	5476	candida albicans
27758	5476	candida albicans
2776	5476	candida albicans
27765	5476	candida albicans
27766	5476	candida albicans
27769	5476	candida albicans
27770	5476	candida albicans
27771	5476	candida albicans
27775	5476	candida albicans
27776	5476	candida albicans
27777	5476	candida albicans
27781	5476	candida albicans
27783	5476	candida albicans
27785	5476	candida albicans
27787	5476	candida albicans
27788	5476	candida albicans
2779	5476	candida albicans
27791	5476	candida albicans
27793	5476	candida albicans
27796	5476	candida albicans
27797	5476	candida albicans
27798	5476	candida albicans
27799	5476	candida albicans
27801	5476	candida albicans
27805	5476	candida albicans
27806	5476	candida albicans
27808	5476	candida albicans
27809	5476	candida albicans
2781	5476	candida albicans
27810	5476	candida albicans
27816	5476	candida albicans
27817	5476	candida albicans
2782	5476	candida albicans
27820	5476	candida albicans
27832	5476	candida albicans
27833	5476	candida albicans
27835	5476	candida albicans
27837	5476	candida albicans
27839	5476	candida albicans
2784	5476	candida albicans
27840	5476	candida albicans
27841	5476	candida albicans
27842	5476	candida albicans
27843	5476	candida albicans
27845	5476	candida albicans
27846	5476	candida albicans
27847	5476	candida albicans
27848	5476	candida albicans
27849	5476	candida albicans
27850	5476	candida albicans
27852	5476	candida albicans
27853	5476	candida albicans
27855	5476	candida albicans
27857	5476	candida albicans
27858	5476	candida albicans
27860	5476	candida albicans
27861	5476	candida albicans
27862	5476	candida albicans
27863	5476	candida albicans
27864	5476	candida albicans
27865	5476	candida albicans
27870	5476	candida albicans
27874	5476	candida albicans
27876	5476	candida albicans
2788	5476	candida albicans
27880	5476	candida albicans
27881	5476	candida albicans
27885	5476	candida albicans
27889	5476	candida albicans
27890	5476	candida albicans
27891	5476	candida albicans
27893	5476	candida albicans
27896	5476	candida albicans
279	5476	candida albicans
27900	5476	candida albicans
27901	5476	candida albicans
27903	5476	candida albicans
27904	5476	candida albicans
27906	5476	candida albicans
27909	5476	candida albicans
27910	5476	candida albicans
27911	5476	candida albicans
27912	5476	candida albicans
27914	5476	candida albicans
27916	5476	candida albicans
27918	5476	candida albicans
27920	5476	candida albicans
27921	5476	candida albicans
27922	5476	candida albicans
27923	5476	candida albicans
27927	5476	candida albicans
27928	5476	candida albicans
27929	5476	candida albicans
27933	5476	candida albicans
27935	5476	candida albicans
27938	5476	candida albicans
27939	5476	candida albicans
27940	5476	candida albicans
27948	5476	candida albicans
27952	5476	candida albicans
27953	5476	candida albicans
27955	5476	candida albicans
27956	5476	candida albicans
2796	5476	candida albicans
27960	5476	candida albicans
27964	5476	candida albicans
2797	5476	candida albicans
27970	5476	candida albicans
2798	5476	candida albicans
27983	5476	candida albicans
27984	5476	candida albicans
27985	5476	candida albicans
27989	5476	candida albicans
2799	5476	candida albicans
27998	5476	candida albicans
28	5476	candida albicans
28003	5476	candida albicans
28004	5476	candida albicans
28005	5476	candida albicans
28006	5476	candida albicans
28007	5476	candida albicans
28008	5476	candida albicans
28009	5476	candida albicans
2801	5476	candida albicans
28014	5476	candida albicans
28016	5476	candida albicans
28019	5476	candida albicans
2802	5476	candida albicans
28020	5476	candida albicans
28021	5476	candida albicans
28023	5476	candida albicans
28024	5476	candida albicans
28025	5476	candida albicans
28026	5476	candida albicans
28027	5476	candida albicans
28029	5476	candida albicans
28032	5476	candida albicans
28039	5476	candida albicans
28040	5476	candida albicans
28042	5476	candida albicans
28043	5476	candida albicans
28046	5476	candida albicans
28048	5476	candida albicans
28049	5476	candida albicans
28053	5476	candida albicans
28058	5476	candida albicans
2806	5476	candida albicans
28060	5476	candida albicans
28062	5476	candida albicans
28064	5476	candida albicans
28067	5476	candida albicans
28068	5476	candida albicans
28070	5476	candida albicans
28071	5476	candida albicans
28073	5476	candida albicans
28074	5476	candida albicans
28077	5476	candida albicans
28079	5476	candida albicans
2808	5476	candida albicans
28080	5476	candida albicans
28083	5476	candida albicans
28084	5476	candida albicans
28085	5476	candida albicans
28087	5476	candida albicans
2809	5476	candida albicans
28092	5476	candida albicans
28096	5476	candida albicans
28097	5476	candida albicans
28098	5476	candida albicans
28099	5476	candida albicans
28100	5476	candida albicans
28102	5476	candida albicans
28103	5476	candida albicans
28105	5476	candida albicans
28106	5476	candida albicans
28107	5476	candida albicans
28108	5476	candida albicans
2811	5476	candida albicans
28111	5476	candida albicans
28112	5476	candida albicans
28113	5476	candida albicans
28114	5476	candida albicans
28123	5476	candida albicans
28125	5476	candida albicans
28127	5476	candida albicans
28128	5476	candida albicans
28131	5476	candida albicans
28134	5476	candida albicans
28136	5476	candida albicans
28137	5476	candida albicans
2814	5476	candida albicans
28142	5476	candida albicans
28144	5476	candida albicans
28145	5476	candida albicans
28147	5476	candida albicans
2815	5476	candida albicans
28152	5476	candida albicans
28154	5476	candida albicans
28157	5476	candida albicans
28159	5476	candida albicans
2816	5476	candida albicans
28164	5476	candida albicans
28165	5476	candida albicans
28166	5476	candida albicans
28167	5476	candida albicans
28168	5476	candida albicans
28170	5476	candida albicans
28171	5476	candida albicans
28174	5476	candida albicans
28176	5476	candida albicans
28179	5476	candida albicans
2818	5476	candida albicans
28185	5476	candida albicans
28186	5476	candida albicans
28187	5476	candida albicans
28188	5476	candida albicans
28189	5476	candida albicans
2819	5476	candida albicans
28190	5476	candida albicans
28191	5476	candida albicans
28192	5476	candida albicans
28194	5476	candida albicans
28195	5476	candida albicans
28196	5476	candida albicans
28197	5476	candida albicans
28198	5476	candida albicans
282	5476	candida albicans
2820	5476	candida albicans
28200	5476	candida albicans
28201	5476	candida albicans
28202	5476	candida albicans
28203	5476	candida albicans
28204	5476	candida albicans
28206	5476	candida albicans
28207	5476	candida albicans
28208	5476	candida albicans
28209	5476	candida albicans
2821	5476	candida albicans
28210	5476	candida albicans
28211	5476	candida albicans
28212	5476	candida albicans
28213	5476	candida albicans
28214	5476	candida albicans
28215	5476	candida albicans
28216	5476	candida albicans
28217	5476	candida albicans
28219	5476	candida albicans
28220	5476	candida albicans
28221	5476	candida albicans
28222	5476	candida albicans
28223	5476	candida albicans
28224	5476	candida albicans
28225	5476	candida albicans
28226	5476	candida albicans
28227	5476	candida albicans
28228	5476	candida albicans
28229	5476	candida albicans
2823	5476	candida albicans
28230	5476	candida albicans
28232	5476	candida albicans
28233	5476	candida albicans
28234	5476	candida albicans
28235	5476	candida albicans
28236	5476	candida albicans
28237	5476	candida albicans
28238	5476	candida albicans
28239	5476	candida albicans
2824	5476	candida albicans
28240	5476	candida albicans
28241	5476	candida albicans
28242	5476	candida albicans
28243	5476	candida albicans
28244	5476	candida albicans
28245	5476	candida albicans
28246	5476	candida albicans
28247	5476	candida albicans
28248	5476	candida albicans
28249	5476	candida albicans
28250	5476	candida albicans
28251	5476	candida albicans
28252	5476	candida albicans
28254	5476	candida albicans
28255	5476	candida albicans
28256	5476	candida albicans
28257	5476	candida albicans
28258	5476	candida albicans
28259	5476	candida albicans
2826	5476	candida albicans
28260	5476	candida albicans
28261	5476	candida albicans
28262	5476	candida albicans
28263	5476	candida albicans
28264	5476	candida albicans
28265	5476	candida albicans
28266	5476	candida albicans
28267	5476	candida albicans
28268	5476	candida albicans
28269	5476	candida albicans
28270	5476	candida albicans
28271	5476	candida albicans
28272	5476	candida albicans
28273	5476	candida albicans
28274	5476	candida albicans
28278	5476	candida albicans
28279	5476	candida albicans
2828	5476	candida albicans
28280	5476	candida albicans
28282	5476	candida albicans
28283	5476	candida albicans
28284	5476	candida albicans
28285	5476	candida albicans
28286	5476	candida albicans
28287	5476	candida albicans
28288	5476	candida albicans
28289	5476	candida albicans
28292	5476	candida albicans
28294	5476	candida albicans
28295	5476	candida albicans
28296	5476	candida albicans
28297	5476	candida albicans
28298	5476	candida albicans
28299	5476	candida albicans
28300	5476	candida albicans
28301	5476	candida albicans
28302	5476	candida albicans
28303	5476	candida albicans
28304	5476	candida albicans
28305	5476	candida albicans
28306	5476	candida albicans
28307	5476	candida albicans
28308	5476	candida albicans
28309	5476	candida albicans
2831	5476	candida albicans
28310	5476	candida albicans
28311	5476	candida albicans
28312	5476	candida albicans
28314	5476	candida albicans
28315	5476	candida albicans
28316	5476	candida albicans
28317	5476	candida albicans
28318	5476	candida albicans
28319	5476	candida albicans
28320	5476	candida albicans
28321	5476	candida albicans
28322	5476	candida albicans
28323	5476	candida albicans
28324	5476	candida albicans
28326	5476	candida albicans
28327	5476	candida albicans
28328	5476	candida albicans
28329	5476	candida albicans
28330	5476	candida albicans
28331	5476	candida albicans
28332	5476	candida albicans
28333	5476	candida albicans
28334	5476	candida albicans
28335	5476	candida albicans
28337	5476	candida albicans
28338	5476	candida albicans
28339	5476	candida albicans
2834	5476	candida albicans
28341	5476	candida albicans
28342	5476	candida albicans
28343	5476	candida albicans
28344	5476	candida albicans
28345	5476	candida albicans
28347	5476	candida albicans
28348	5476	candida albicans
28349	5476	candida albicans
2835	5476	candida albicans
28351	5476	candida albicans
28352	5476	candida albicans
28353	5476	candida albicans
28354	5476	candida albicans
28355	5476	candida albicans
28356	5476	candida albicans
28357	5476	candida albicans
28358	5476	candida albicans
28359	5476	candida albicans
2836	5476	candida albicans
28360	5476	candida albicans
28361	5476	candida albicans
28362	5476	candida albicans
28363	5476	candida albicans
28364	5476	candida albicans
28365	5476	candida albicans
28366	5476	candida albicans
28367	5476	candida albicans
28368	5476	candida albicans
28369	5476	candida albicans
28370	5476	candida albicans
28371	5476	candida albicans
28372	5476	candida albicans
28373	5476	candida albicans
28374	5476	candida albicans
28375	5476	candida albicans
28376	5476	candida albicans
28377	5476	candida albicans
28379	5476	candida albicans
2838	5476	candida albicans
28380	5476	candida albicans
28381	5476	candida albicans
28382	5476	candida albicans
28383	5476	candida albicans
28384	5476	candida albicans
28385	5476	candida albicans
28387	5476	candida albicans
28388	5476	candida albicans
28389	5476	candida albicans
28390	5476	candida albicans
28391	5476	candida albicans
28392	5476	candida albicans
28393	5476	candida albicans
28395	5476	candida albicans
28396	5476	candida albicans
28397	5476	candida albicans
28398	5476	candida albicans
28399	5476	candida albicans
28400	5476	candida albicans
28401	5476	candida albicans
28402	5476	candida albicans
28403	5476	candida albicans
28404	5476	candida albicans
28405	5476	candida albicans
28406	5476	candida albicans
28407	5476	candida albicans
28408	5476	candida albicans
28409	5476	candida albicans
28410	5476	candida albicans
28411	5476	candida albicans
28412	5476	candida albicans
28413	5476	candida albicans
28414	5476	candida albicans
28415	5476	candida albicans
28416	5476	candida albicans
28417	5476	candida albicans
28418	5476	candida albicans
28419	5476	candida albicans
2842	5476	candida albicans
28420	5476	candida albicans
28421	5476	candida albicans
28422	5476	candida albicans
28423	5476	candida albicans
28424	5476	candida albicans
28425	5476	candida albicans
28426	5476	candida albicans
28427	5476	candida albicans
28428	5476	candida albicans
28429	5476	candida albicans
28430	5476	candida albicans
28431	5476	candida albicans
28432	5476	candida albicans
28433	5476	candida albicans
28434	5476	candida albicans
28436	5476	candida albicans
28437	5476	candida albicans
28438	5476	candida albicans
28439	5476	candida albicans
2844	5476	candida albicans
28440	5476	candida albicans
28441	5476	candida albicans
28442	5476	candida albicans
28443	5476	candida albicans
28444	5476	candida albicans
28445	5476	candida albicans
28446	5476	candida albicans
28448	5476	candida albicans
28450	5476	candida albicans
28451	5476	candida albicans
28452	5476	candida albicans
28453	5476	candida albicans
28454	5476	candida albicans
28455	5476	candida albicans
28456	5476	candida albicans
28457	5476	candida albicans
28458	5476	candida albicans
28459	5476	candida albicans
28460	5476	candida albicans
28461	5476	candida albicans
28462	5476	candida albicans
28463	5476	candida albicans
28464	5476	candida albicans
28465	5476	candida albicans
28466	5476	candida albicans
28467	5476	candida albicans
28468	5476	candida albicans
28469	5476	candida albicans
28470	5476	candida albicans
28471	5476	candida albicans
28472	5476	candida albicans
28474	5476	candida albicans
28475	5476	candida albicans
28476	5476	candida albicans
28477	5476	candida albicans
28478	5476	candida albicans
28479	5476	candida albicans
28480	5476	candida albicans
28482	5476	candida albicans
28483	5476	candida albicans
28484	5476	candida albicans
28485	5476	candida albicans
28486	5476	candida albicans
28487	5476	candida albicans
28488	5476	candida albicans
28489	5476	candida albicans
28490	5476	candida albicans
28491	5476	candida albicans
28492	5476	candida albicans
28493	5476	candida albicans
28494	5476	candida albicans
28496	5476	candida albicans
28497	5476	candida albicans
28498	5476	candida albicans
28499	5476	candida albicans
2850	5476	candida albicans
28500	5476	candida albicans
28501	5476	candida albicans
28502	5476	candida albicans
28503	5476	candida albicans
28504	5476	candida albicans
28505	5476	candida albicans
28506	5476	candida albicans
28507	5476	candida albicans
28508	5476	candida albicans
28509	5476	candida albicans
2851	5476	candida albicans
28512	5476	candida albicans
28513	5476	candida albicans
28514	5476	candida albicans
28515	5476	candida albicans
28516	5476	candida albicans
28517	5476	candida albicans
28518	5476	candida albicans
28519	5476	candida albicans
2852	5476	candida albicans
28520	5476	candida albicans
28521	5476	candida albicans
28522	5476	candida albicans
28523	5476	candida albicans
28524	5476	candida albicans
28525	5476	candida albicans
28527	5476	candida albicans
28528	5476	candida albicans
28529	5476	candida albicans
2853	5476	candida albicans
28530	5476	candida albicans
28531	5476	candida albicans
28532	5476	candida albicans
28533	5476	candida albicans
28534	5476	candida albicans
28535	5476	candida albicans
28536	5476	candida albicans
28537	5476	candida albicans
28538	5476	candida albicans
28541	5476	candida albicans
28542	5476	candida albicans
28543	5476	candida albicans
28544	5476	candida albicans
28545	5476	candida albicans
28546	5476	candida albicans
28547	5476	candida albicans
28548	5476	candida albicans
2855	5476	candida albicans
28550	5476	candida albicans
28551	5476	candida albicans
28552	5476	candida albicans
28553	5476	candida albicans
28554	5476	candida albicans
28555	5476	candida albicans
28556	5476	candida albicans
28557	5476	candida albicans
28558	5476	candida albicans
28559	5476	candida albicans
28560	5476	candida albicans
28561	5476	candida albicans
28562	5476	candida albicans
28563	5476	candida albicans
28564	5476	candida albicans
28565	5476	candida albicans
28566	5476	candida albicans
28567	5476	candida albicans
28568	5476	candida albicans
28569	5476	candida albicans
2857	5476	candida albicans
28570	5476	candida albicans
28571	5476	candida albicans
28572	5476	candida albicans
28573	5476	candida albicans
28574	5476	candida albicans
28575	5476	candida albicans
28576	5476	candida albicans
28577	5476	candida albicans
28578	5476	candida albicans
28579	5476	candida albicans
28580	5476	candida albicans
28581	5476	candida albicans
28582	5476	candida albicans
28583	5476	candida albicans
28585	5476	candida albicans
28586	5476	candida albicans
28587	5476	candida albicans
28588	5476	candida albicans
28589	5476	candida albicans
2859	5476	candida albicans
28590	5476	candida albicans
28592	5476	candida albicans
28593	5476	candida albicans
28594	5476	candida albicans
28595	5476	candida albicans
28596	5476	candida albicans
28597	5476	candida albicans
28598	5476	candida albicans
28599	5476	candida albicans
28600	5476	candida albicans
28601	5476	candida albicans
28603	5476	candida albicans
28604	5476	candida albicans
28605	5476	candida albicans
28606	5476	candida albicans
28607	5476	candida albicans
28608	5476	candida albicans
28609	5476	candida albicans
28610	5476	candida albicans
28611	5476	candida albicans
28612	5476	candida albicans
28613	5476	candida albicans
28614	5476	candida albicans
28615	5476	candida albicans
28616	5476	candida albicans
28617	5476	candida albicans
28618	5476	candida albicans
28619	5476	candida albicans
28620	5476	candida albicans
28621	5476	candida albicans
28622	5476	candida albicans
28623	5476	candida albicans
28624	5476	candida albicans
28625	5476	candida albicans
28626	5476	candida albicans
28627	5476	candida albicans
28628	5476	candida albicans
28629	5476	candida albicans
28630	5476	candida albicans
28631	5476	candida albicans
28632	5476	candida albicans
28633	5476	candida albicans
28634	5476	candida albicans
28635	5476	candida albicans
28636	5476	candida albicans
28637	5476	candida albicans
28638	5476	candida albicans
28639	5476	candida albicans
2864	5476	candida albicans
28640	5476	candida albicans
28641	5476	candida albicans
28642	5476	candida albicans
28643	5476	candida albicans
28644	5476	candida albicans
28645	5476	candida albicans
28646	5476	candida albicans
28647	5476	candida albicans
28648	5476	candida albicans
28649	5476	candida albicans
2865	5476	candida albicans
28650	5476	candida albicans
28651	5476	candida albicans
28652	5476	candida albicans
28653	5476	candida albicans
28654	5476	candida albicans
28655	5476	candida albicans
28656	5476	candida albicans
28657	5476	candida albicans
28658	5476	candida albicans
28659	5476	candida albicans
2866	5476	candida albicans
28660	5476	candida albicans
28661	5476	candida albicans
28663	5476	candida albicans
28664	5476	candida albicans
28665	5476	candida albicans
28666	5476	candida albicans
28667	5476	candida albicans
28668	5476	candida albicans
28669	5476	candida albicans
2867	5476	candida albicans
28670	5476	candida albicans
28671	5476	candida albicans
28672	5476	candida albicans
28673	5476	candida albicans
28674	5476	candida albicans
28675	5476	candida albicans
28676	5476	candida albicans
28677	5476	candida albicans
28678	5476	candida albicans
28679	5476	candida albicans
28680	5476	candida albicans
28681	5476	candida albicans
28682	5476	candida albicans
28683	5476	candida albicans
28684	5476	candida albicans
28685	5476	candida albicans
28686	5476	candida albicans
28687	5476	candida albicans
28688	5476	candida albicans
28689	5476	candida albicans
28690	5476	candida albicans
28691	5476	candida albicans
28692	5476	candida albicans
28693	5476	candida albicans
28696	5476	candida albicans
28697	5476	candida albicans
28698	5476	candida albicans
28699	5476	candida albicans
287	5476	candida albicans
2870	5476	candida albicans
28700	5476	candida albicans
28701	5476	candida albicans
28702	5476	candida albicans
28703	5476	candida albicans
28704	5476	candida albicans
28705	5476	candida albicans
28706	5476	candida albicans
28707	5476	candida albicans
28709	5476	candida albicans
2871	5476	candida albicans
28710	5476	candida albicans
28711	5476	candida albicans
28712	5476	candida albicans
28713	5476	candida albicans
28714	5476	candida albicans
28715	5476	candida albicans
28716	5476	candida albicans
28717	5476	candida albicans
28718	5476	candida albicans
28719	5476	candida albicans
2872	5476	candida albicans
28720	5476	candida albicans
28721	5476	candida albicans
28722	5476	candida albicans
28723	5476	candida albicans
28724	5476	candida albicans
28725	5476	candida albicans
28726	5476	candida albicans
28727	5476	candida albicans
28728	5476	candida albicans
28729	5476	candida albicans
28730	5476	candida albicans
28731	5476	candida albicans
28732	5476	candida albicans
28733	5476	candida albicans
28734	5476	candida albicans
28735	5476	candida albicans
28736	5476	candida albicans
28737	5476	candida albicans
28738	5476	candida albicans
28739	5476	candida albicans
2874	5476	candida albicans
28740	5476	candida albicans
28741	5476	candida albicans
28742	5476	candida albicans
28743	5476	candida albicans
28744	5476	candida albicans
28746	5476	candida albicans
28747	5476	candida albicans
28748	5476	candida albicans
28749	5476	candida albicans
28750	5476	candida albicans
28751	5476	candida albicans
28752	5476	candida albicans
28753	5476	candida albicans
28754	5476	candida albicans
28755	5476	candida albicans
28756	5476	candida albicans
28757	5476	candida albicans
28758	5476	candida albicans
28759	5476	candida albicans
28760	5476	candida albicans
28761	5476	candida albicans
28762	5476	candida albicans
28763	5476	candida albicans
28764	5476	candida albicans
28765	5476	candida albicans
28766	5476	candida albicans
28767	5476	candida albicans
28768	5476	candida albicans
28769	5476	candida albicans
2877	5476	candida albicans
28770	5476	candida albicans
28771	5476	candida albicans
28772	5476	candida albicans
28773	5476	candida albicans
28774	5476	candida albicans
28775	5476	candida albicans
28776	5476	candida albicans
28778	5476	candida albicans
28779	5476	candida albicans
2878	5476	candida albicans
28780	5476	candida albicans
28781	5476	candida albicans
28782	5476	candida albicans
28783	5476	candida albicans
28784	5476	candida albicans
28785	5476	candida albicans
28786	5476	candida albicans
28787	5476	candida albicans
28788	5476	candida albicans
28789	5476	candida albicans
28790	5476	candida albicans
28791	5476	candida albicans
28792	5476	candida albicans
28793	5476	candida albicans
28794	5476	candida albicans
28795	5476	candida albicans
28796	5476	candida albicans
28797	5476	candida albicans
28798	5476	candida albicans
28799	5476	candida albicans
2880	5476	candida albicans
28800	5476	candida albicans
28801	5476	candida albicans
28802	5476	candida albicans
28803	5476	candida albicans
28804	5476	candida albicans
28805	5476	candida albicans
28806	5476	candida albicans
28807	5476	candida albicans
28808	5476	candida albicans
28809	5476	candida albicans
2881	5476	candida albicans
28810	5476	candida albicans
28811	5476	candida albicans
28813	5476	candida albicans
28814	5476	candida albicans
28815	5476	candida albicans
28817	5476	candida albicans
28818	5476	candida albicans
28819	5476	candida albicans
28820	5476	candida albicans
28821	5476	candida albicans
28822	5476	candida albicans
28823	5476	candida albicans
28824	5476	candida albicans
28825	5476	candida albicans
28826	5476	candida albicans
28827	5476	candida albicans
28829	5476	candida albicans
2883	5476	candida albicans
28830	5476	candida albicans
28831	5476	candida albicans
28832	5476	candida albicans
28833	5476	candida albicans
28834	5476	candida albicans
28835	5476	candida albicans
28836	5476	candida albicans
28837	5476	candida albicans
28838	5476	candida albicans
28839	5476	candida albicans
2884	5476	candida albicans
28840	5476	candida albicans
28841	5476	candida albicans
28842	5476	candida albicans
28843	5476	candida albicans
28844	5476	candida albicans
28846	5476	candida albicans
28847	5476	candida albicans
28848	5476	candida albicans
28849	5476	candida albicans
28850	5476	candida albicans
28851	5476	candida albicans
28852	5476	candida albicans
28853	5476	candida albicans
28854	5476	candida albicans
28855	5476	candida albicans
28856	5476	candida albicans
28857	5476	candida albicans
28858	5476	candida albicans
28859	5476	candida albicans
28860	5476	candida albicans
28861	5476	candida albicans
28862	5476	candida albicans
28863	5476	candida albicans
28864	5476	candida albicans
28865	5476	candida albicans
28866	5476	candida albicans
28867	5476	candida albicans
28868	5476	candida albicans
28869	5476	candida albicans
28871	5476	candida albicans
28872	5476	candida albicans
28873	5476	candida albicans
28874	5476	candida albicans
28875	5476	candida albicans
28876	5476	candida albicans
28877	5476	candida albicans
28878	5476	candida albicans
2888	5476	candida albicans
28880	5476	candida albicans
28881	5476	candida albicans
28882	5476	candida albicans
28883	5476	candida albicans
28884	5476	candida albicans
28885	5476	candida albicans
28886	5476	candida albicans
28887	5476	candida albicans
28888	5476	candida albicans
28889	5476	candida albicans
2889	5476	candida albicans
28890	5476	candida albicans
28891	5476	candida albicans
28892	5476	candida albicans
28893	5476	candida albicans
28894	5476	candida albicans
28895	5476	candida albicans
28896	5476	candida albicans
28897	5476	candida albicans
28898	5476	candida albicans
28899	5476	candida albicans
2890	5476	candida albicans
28900	5476	candida albicans
28901	5476	candida albicans
28902	5476	candida albicans
28903	5476	candida albicans
28904	5476	candida albicans
28905	5476	candida albicans
28906	5476	candida albicans
28907	5476	candida albicans
28908	5476	candida albicans
28909	5476	candida albicans
2891	5476	candida albicans
28910	5476	candida albicans
28911	5476	candida albicans
28912	5476	candida albicans
28913	5476	candida albicans
28914	5476	candida albicans
28915	5476	candida albicans
28916	5476	candida albicans
28917	5476	candida albicans
28918	5476	candida albicans
28919	5476	candida albicans
2892	5476	candida albicans
28920	5476	candida albicans
28921	5476	candida albicans
28922	5476	candida albicans
28923	5476	candida albicans
28924	5476	candida albicans
28926	5476	candida albicans
28927	5476	candida albicans
28928	5476	candida albicans
28929	5476	candida albicans
28932	5476	candida albicans
28933	5476	candida albicans
28934	5476	candida albicans
28935	5476	candida albicans
28936	5476	candida albicans
28937	5476	candida albicans
28938	5476	candida albicans
28939	5476	candida albicans
28940	5476	candida albicans
28941	5476	candida albicans
28942	5476	candida albicans
28943	5476	candida albicans
28944	5476	candida albicans
28945	5476	candida albicans
28946	5476	candida albicans
28947	5476	candida albicans
28948	5476	candida albicans
28949	5476	candida albicans
2895	5476	candida albicans
28950	5476	candida albicans
28951	5476	candida albicans
28952	5476	candida albicans
28953	5476	candida albicans
28954	5476	candida albicans
28955	5476	candida albicans
28956	5476	candida albicans
28957	5476	candida albicans
28958	5476	candida albicans
28959	5476	candida albicans
2896	5476	candida albicans
28960	5476	candida albicans
28961	5476	candida albicans
2897	5476	candida albicans
2899	5476	candida albicans
2906	5476	candida albicans
291	5476	candida albicans
2911	5476	candida albicans
2914	5476	candida albicans
2915	5476	candida albicans
2916	5476	candida albicans
2917	5476	candida albicans
292	5476	candida albicans
2923	5476	candida albicans
2927	5476	candida albicans
293	5476	candida albicans
2930	5476	candida albicans
2933	5476	candida albicans
2936	5476	candida albicans
2937	5476	candida albicans
2938	5476	candida albicans
294	5476	candida albicans
2940	5476	candida albicans
2944	5476	candida albicans
2947	5476	candida albicans
2953	5476	candida albicans
2955	5476	candida albicans
2956	5476	candida albicans
2957	5476	candida albicans
2959	5476	candida albicans
2962	5476	candida albicans
2967	5476	candida albicans
2969	5476	candida albicans
2970	5476	candida albicans
2971	5476	candida albicans
2974	5476	candida albicans
2975	5476	candida albicans
2978	5476	candida albicans
2982	5476	candida albicans
2985	5476	candida albicans
2986	5476	candida albicans
2987	5476	candida albicans
2988	5476	candida albicans
2989	5476	candida albicans
299	5476	candida albicans
2990	5476	candida albicans
2991	5476	candida albicans
2996	5476	candida albicans
2997	5476	candida albicans
3	5476	candida albicans
300	5476	candida albicans
3003	5476	candida albicans
3004	5476	candida albicans
3006	5476	candida albicans
3007	5476	candida albicans
3009	5476	candida albicans
301	5476	candida albicans
3011	5476	candida albicans
3012	5476	candida albicans
3013	5476	candida albicans
3015	5476	candida albicans
3016	5476	candida albicans
3018	5476	candida albicans
3019	5476	candida albicans
3028	5476	candida albicans
3029	5476	candida albicans
303	5476	candida albicans
3031	5476	candida albicans
3032	5476	candida albicans
3033	5476	candida albicans
3034	5476	candida albicans
3036	5476	candida albicans
304	5476	candida albicans
3044	5476	candida albicans
3051	5476	candida albicans
3052	5476	candida albicans
3053	5476	candida albicans
3059	5476	candida albicans
306	5476	candida albicans
3062	5476	candida albicans
3063	5476	candida albicans
3064	5476	candida albicans
3066	5476	candida albicans
307	5476	candida albicans
3074	5476	candida albicans
3075	5476	candida albicans
3079	5476	candida albicans
308	5476	candida albicans
3080	5476	candida albicans
3081	5476	candida albicans
3082	5476	candida albicans
3084	5476	candida albicans
3089	5476	candida albicans
309	5476	candida albicans
3095	5476	candida albicans
3096	5476	candida albicans
3098	5476	candida albicans
3104	5476	candida albicans
3105	5476	candida albicans
3107	5476	candida albicans
3109	5476	candida albicans
3120	5476	candida albicans
3123	5476	candida albicans
3128	5476	candida albicans
3130	5476	candida albicans
3131	5476	candida albicans
3132	5476	candida albicans
3136	5476	candida albicans
3137	5476	candida albicans
3140	5476	candida albicans
3143	5476	candida albicans
3144	5476	candida albicans
3147	5476	candida albicans
3149	5476	candida albicans
3151	5476	candida albicans
3152	5476	candida albicans
3155	5476	candida albicans
3157	5476	candida albicans
3158	5476	candida albicans
3159	5476	candida albicans
3164	5476	candida albicans
3169	5476	candida albicans
3173	5476	candida albicans
3176	5476	candida albicans
3179	5476	candida albicans
318	5476	candida albicans
3181	5476	candida albicans
3184	5476	candida albicans
3185	5476	candida albicans
3188	5476	candida albicans
3190	5476	candida albicans
3191	5476	candida albicans
3195	5476	candida albicans
3198	5476	candida albicans
3203	5476	candida albicans
3204	5476	candida albicans
3206	5476	candida albicans
3207	5476	candida albicans
3209	5476	candida albicans
321	5476	candida albicans
3211	5476	candida albicans
3213	5476	candida albicans
3217	5476	candida albicans
3219	5476	candida albicans
322	5476	candida albicans
3221	5476	candida albicans
3224	5476	candida albicans
3228	5476	candida albicans
3232	5476	candida albicans
3238	5476	candida albicans
3239	5476	candida albicans
3240	5476	candida albicans
3241	5476	candida albicans
3249	5476	candida albicans
3250	5476	candida albicans
3252	5476	candida albicans
3253	5476	candida albicans
3255	5476	candida albicans
3259	5476	candida albicans
3260	5476	candida albicans
3266	5476	candida albicans
3270	5476	candida albicans
3272	5476	candida albicans
3276	5476	candida albicans
3277	5476	candida albicans
328	5476	candida albicans
3280	5476	candida albicans
3281	5476	candida albicans
3282	5476	candida albicans
3284	5476	candida albicans
3288	5476	candida albicans
3291	5476	candida albicans
3295	5476	candida albicans
3296	5476	candida albicans
3298	5476	candida albicans
3299	5476	candida albicans
33	5476	candida albicans
3300	5476	candida albicans
3302	5476	candida albicans
3304	5476	candida albicans
3307	5476	candida albicans
3313	5476	candida albicans
3316	5476	candida albicans
3318	5476	candida albicans
3319	5476	candida albicans
3322	5476	candida albicans
3324	5476	candida albicans
3325	5476	candida albicans
3327	5476	candida albicans
3329	5476	candida albicans
333	5476	candida albicans
3330	5476	candida albicans
3331	5476	candida albicans
3336	5476	candida albicans
3337	5476	candida albicans
3340	5476	candida albicans
3346	5476	candida albicans
3347	5476	candida albicans
3349	5476	candida albicans
3350	5476	candida albicans
3351	5476	candida albicans
3352	5476	candida albicans
3353	5476	candida albicans
3355	5476	candida albicans
3356	5476	candida albicans
3358	5476	candida albicans
3359	5476	candida albicans
336	5476	candida albicans
3360	5476	candida albicans
3364	5476	candida albicans
3365	5476	candida albicans
3366	5476	candida albicans
3370	5476	candida albicans
3371	5476	candida albicans
3374	5476	candida albicans
3375	5476	candida albicans
3377	5476	candida albicans
3378	5476	candida albicans
3379	5476	candida albicans
3380	5476	candida albicans
3383	5476	candida albicans
3386	5476	candida albicans
3387	5476	candida albicans
3388	5476	candida albicans
3389	5476	candida albicans
3395	5476	candida albicans
3397	5476	candida albicans
3398	5476	candida albicans
3399	5476	candida albicans
34	5476	candida albicans
340	5476	candida albicans
3400	5476	candida albicans
3402	5476	candida albicans
3403	5476	candida albicans
3404	5476	candida albicans
3406	5476	candida albicans
3407	5476	candida albicans
3409	5476	candida albicans
3410	5476	candida albicans
3411	5476	candida albicans
3412	5476	candida albicans
3413	5476	candida albicans
3420	5476	candida albicans
3422	5476	candida albicans
3424	5476	candida albicans
3427	5476	candida albicans
3431	5476	candida albicans
3432	5476	candida albicans
3433	5476	candida albicans
3437	5476	candida albicans
344	5476	candida albicans
3443	5476	candida albicans
3444	5476	candida albicans
345	5476	candida albicans
3455	5476	candida albicans
3456	5476	candida albicans
3457	5476	candida albicans
3459	5476	candida albicans
346	5476	candida albicans
3460	5476	candida albicans
3463	5476	candida albicans
3465	5476	candida albicans
3466	5476	candida albicans
3467	5476	candida albicans
3468	5476	candida albicans
3469	5476	candida albicans
3473	5476	candida albicans
3476	5476	candida albicans
3477	5476	candida albicans
3479	5476	candida albicans
3480	5476	candida albicans
3488	5476	candida albicans
349	5476	candida albicans
3490	5476	candida albicans
3493	5476	candida albicans
3496	5476	candida albicans
3498	5476	candida albicans
350	5476	candida albicans
3500	5476	candida albicans
3501	5476	candida albicans
3504	5476	candida albicans
3505	5476	candida albicans
3506	5476	candida albicans
3507	5476	candida albicans
3508	5476	candida albicans
351	5476	candida albicans
3511	5476	candida albicans
3512	5476	candida albicans
3516	5476	candida albicans
3517	5476	candida albicans
3518	5476	candida albicans
3519	5476	candida albicans
3521	5476	candida albicans
3525	5476	candida albicans
3526	5476	candida albicans
3527	5476	candida albicans
3529	5476	candida albicans
353	5476	candida albicans
3530	5476	candida albicans
3531	5476	candida albicans
3532	5476	candida albicans
3536	5476	candida albicans
3544	5476	candida albicans
3545	5476	candida albicans
3546	5476	candida albicans
3547	5476	candida albicans
3553	5476	candida albicans
3554	5476	candida albicans
3558	5476	candida albicans
3559	5476	candida albicans
3562	5476	candida albicans
3563	5476	candida albicans
3564	5476	candida albicans
3568	5476	candida albicans
3569	5476	candida albicans
3573	5476	candida albicans
3574	5476	candida albicans
3576	5476	candida albicans
3579	5476	candida albicans
3581	5476	candida albicans
3583	5476	candida albicans
3588	5476	candida albicans
359	5476	candida albicans
3590	5476	candida albicans
3591	5476	candida albicans
3593	5476	candida albicans
3595	5476	candida albicans
3599	5476	candida albicans
3601	5476	candida albicans
3602	5476	candida albicans
3603	5476	candida albicans
3608	5476	candida albicans
3609	5476	candida albicans
3610	5476	candida albicans
3611	5476	candida albicans
3612	5476	candida albicans
3613	5476	candida albicans
3614	5476	candida albicans
3618	5476	candida albicans
3619	5476	candida albicans
3624	5476	candida albicans
3628	5476	candida albicans
363	5476	candida albicans
3631	5476	candida albicans
3632	5476	candida albicans
3636	5476	candida albicans
3637	5476	candida albicans
3639	5476	candida albicans
364	5476	candida albicans
3643	5476	candida albicans
3648	5476	candida albicans
3651	5476	candida albicans
3652	5476	candida albicans
3653	5476	candida albicans
3654	5476	candida albicans
3656	5476	candida albicans
3658	5476	candida albicans
3659	5476	candida albicans
366	5476	candida albicans
3660	5476	candida albicans
3662	5476	candida albicans
3663	5476	candida albicans
3665	5476	candida albicans
3669	5476	candida albicans
3670	5476	candida albicans
3673	5476	candida albicans
3674	5476	candida albicans
3677	5476	candida albicans
3679	5476	candida albicans
3686	5476	candida albicans
3687	5476	candida albicans
3691	5476	candida albicans
3692	5476	candida albicans
3694	5476	candida albicans
3698	5476	candida albicans
3699	5476	candida albicans
3701	5476	candida albicans
3707	5476	candida albicans
3709	5476	candida albicans
371	5476	candida albicans
3713	5476	candida albicans
3714	5476	candida albicans
3717	5476	candida albicans
3724	5476	candida albicans
3725	5476	candida albicans
3726	5476	candida albicans
3734	5476	candida albicans
3735	5476	candida albicans
3741	5476	candida albicans
3744	5476	candida albicans
3748	5476	candida albicans
3749	5476	candida albicans
375	5476	candida albicans
3750	5476	candida albicans
3754	5476	candida albicans
3755	5476	candida albicans
376	5476	candida albicans
3760	5476	candida albicans
3765	5476	candida albicans
3766	5476	candida albicans
377	5476	candida albicans
3772	5476	candida albicans
3773	5476	candida albicans
3777	5476	candida albicans
3780	5476	candida albicans
3782	5476	candida albicans
3786	5476	candida albicans
3788	5476	candida albicans
3789	5476	candida albicans
3790	5476	candida albicans
3791	5476	candida albicans
3793	5476	candida albicans
3795	5476	candida albicans
38	5476	candida albicans
380	5476	candida albicans
3800	5476	candida albicans
3802	5476	candida albicans
3806	5476	candida albicans
3811	5476	candida albicans
3812	5476	candida albicans
3814	5476	candida albicans
3817	5476	candida albicans
3821	5476	candida albicans
3822	5476	candida albicans
3825	5476	candida albicans
3827	5476	candida albicans
3829	5476	candida albicans
3830	5476	candida albicans
3832	5476	candida albicans
3833	5476	candida albicans
3839	5476	candida albicans
384	5476	candida albicans
3841	5476	candida albicans
3843	5476	candida albicans
3844	5476	candida albicans
3847	5476	candida albicans
3848	5476	candida albicans
385	5476	candida albicans
3850	5476	candida albicans
386	5476	candida albicans
3861	5476	candida albicans
3863	5476	candida albicans
3867	5476	candida albicans
3868	5476	candida albicans
3869	5476	candida albicans
387	5476	candida albicans
3872	5476	candida albicans
3873	5476	candida albicans
3875	5476	candida albicans
3878	5476	candida albicans
3879	5476	candida albicans
3885	5476	candida albicans
3886	5476	candida albicans
3887	5476	candida albicans
3888	5476	candida albicans
3893	5476	candida albicans
3895	5476	candida albicans
3896	5476	candida albicans
3897	5476	candida albicans
390	5476	candida albicans
3900	5476	candida albicans
3901	5476	candida albicans
3903	5476	candida albicans
3904	5476	candida albicans
3911	5476	candida albicans
3912	5476	candida albicans
3917	5476	candida albicans
3918	5476	candida albicans
392	5476	candida albicans
3922	5476	candida albicans
3923	5476	candida albicans
3929	5476	candida albicans
393	5476	candida albicans
3930	5476	candida albicans
3931	5476	candida albicans
3934	5476	candida albicans
394	5476	candida albicans
3941	5476	candida albicans
3943	5476	candida albicans
3949	5476	candida albicans
395	5476	candida albicans
3950	5476	candida albicans
3956	5476	candida albicans
3961	5476	candida albicans
3967	5476	candida albicans
397	5476	candida albicans
3970	5476	candida albicans
3971	5476	candida albicans
3973	5476	candida albicans
3975	5476	candida albicans
3976	5476	candida albicans
3978	5476	candida albicans
3979	5476	candida albicans
3980	5476	candida albicans
3986	5476	candida albicans
3987	5476	candida albicans
3991	5476	candida albicans
3993	5476	candida albicans
3994	5476	candida albicans
4	5476	candida albicans
40	5476	candida albicans
400	5476	candida albicans
4000	5476	candida albicans
4005	5476	candida albicans
4008	5476	candida albicans
401	5476	candida albicans
4010	5476	candida albicans
4011	5476	candida albicans
4017	5476	candida albicans
4018	5476	candida albicans
4019	5476	candida albicans
402	5476	candida albicans
4028	5476	candida albicans
4029	5476	candida albicans
403	5476	candida albicans
4031	5476	candida albicans
4033	5476	candida albicans
4036	5476	candida albicans
4037	5476	candida albicans
4039	5476	candida albicans
4040	5476	candida albicans
4042	5476	candida albicans
4043	5476	candida albicans
4047	5476	candida albicans
4048	5476	candida albicans
4050	5476	candida albicans
4051	5476	candida albicans
4053	5476	candida albicans
4054	5476	candida albicans
406	5476	candida albicans
4060	5476	candida albicans
4061	5476	candida albicans
4062	5476	candida albicans
4064	5476	candida albicans
4067	5476	candida albicans
4068	5476	candida albicans
407	5476	candida albicans
4070	5476	candida albicans
4072	5476	candida albicans
4077	5476	candida albicans
4078	5476	candida albicans
4079	5476	candida albicans
408	5476	candida albicans
4080	5476	candida albicans
4083	5476	candida albicans
4084	5476	candida albicans
4085	5476	candida albicans
4087	5476	candida albicans
4089	5476	candida albicans
409	5476	candida albicans
4090	5476	candida albicans
4092	5476	candida albicans
4106	5476	candida albicans
4113	5476	candida albicans
4116	5476	candida albicans
4117	5476	candida albicans
4118	5476	candida albicans
412	5476	candida albicans
4121	5476	candida albicans
4125	5476	candida albicans
4126	5476	candida albicans
4128	5476	candida albicans
4133	5476	candida albicans
4134	5476	candida albicans
4135	5476	candida albicans
4138	5476	candida albicans
4141	5476	candida albicans
4143	5476	candida albicans
4147	5476	candida albicans
4151	5476	candida albicans
4156	5476	candida albicans
4159	5476	candida albicans
416	5476	candida albicans
4160	5476	candida albicans
4171	5476	candida albicans
4173	5476	candida albicans
4174	5476	candida albicans
4179	5476	candida albicans
4180	5476	candida albicans
4181	5476	candida albicans
4182	5476	candida albicans
4183	5476	candida albicans
4187	5476	candida albicans
4189	5476	candida albicans
4192	5476	candida albicans
4194	5476	candida albicans
4195	5476	candida albicans
4196	5476	candida albicans
4199	5476	candida albicans
4200	5476	candida albicans
4210	5476	candida albicans
4211	5476	candida albicans
4212	5476	candida albicans
4213	5476	candida albicans
4214	5476	candida albicans
4215	5476	candida albicans
4216	5476	candida albicans
4219	5476	candida albicans
4224	5476	candida albicans
4225	5476	candida albicans
4226	5476	candida albicans
4229	5476	candida albicans
423	5476	candida albicans
4231	5476	candida albicans
4234	5476	candida albicans
4236	5476	candida albicans
4238	5476	candida albicans
4239	5476	candida albicans
4245	5476	candida albicans
4247	5476	candida albicans
4248	5476	candida albicans
4249	5476	candida albicans
425	5476	candida albicans
4252	5476	candida albicans
4255	5476	candida albicans
4257	5476	candida albicans
4259	5476	candida albicans
426	5476	candida albicans
4260	5476	candida albicans
4262	5476	candida albicans
4263	5476	candida albicans
4264	5476	candida albicans
4266	5476	candida albicans
4267	5476	candida albicans
4268	5476	candida albicans
4269	5476	candida albicans
4270	5476	candida albicans
4273	5476	candida albicans
4274	5476	candida albicans
4277	5476	candida albicans
428	5476	candida albicans
4282	5476	candida albicans
4286	5476	candida albicans
4289	5476	candida albicans
4290	5476	candida albicans
4291	5476	candida albicans
4295	5476	candida albicans
4298	5476	candida albicans
4303	5476	candida albicans
4307	5476	candida albicans
4308	5476	candida albicans
4310	5476	candida albicans
4312	5476	candida albicans
4313	5476	candida albicans
4314	5476	candida albicans
4317	5476	candida albicans
4319	5476	candida albicans
4323	5476	candida albicans
4324	5476	candida albicans
4325	5476	candida albicans
433	5476	candida albicans
4331	5476	candida albicans
4332	5476	candida albicans
4333	5476	candida albicans
4334	5476	candida albicans
4335	5476	candida albicans
4339	5476	candida albicans
4340	5476	candida albicans
4341	5476	candida albicans
4351	5476	candida albicans
4352	5476	candida albicans
4355	5476	candida albicans
4359	5476	candida albicans
4360	5476	candida albicans
4361	5476	candida albicans
4362	5476	candida albicans
4369	5476	candida albicans
4371	5476	candida albicans
4372	5476	candida albicans
4373	5476	candida albicans
4374	5476	candida albicans
4381	5476	candida albicans
4382	5476	candida albicans
4385	5476	candida albicans
4389	5476	candida albicans
4394	5476	candida albicans
4396	5476	candida albicans
440	5476	candida albicans
4400	5476	candida albicans
4401	5476	candida albicans
4403	5476	candida albicans
4405	5476	candida albicans
4406	5476	candida albicans
4409	5476	candida albicans
441	5476	candida albicans
4410	5476	candida albicans
4411	5476	candida albicans
4425	5476	candida albicans
4430	5476	candida albicans
4431	5476	candida albicans
4437	5476	candida albicans
4439	5476	candida albicans
4441	5476	candida albicans
4443	5476	candida albicans
4449	5476	candida albicans
445	5476	candida albicans
4453	5476	candida albicans
4455	5476	candida albicans
4457	5476	candida albicans
4458	5476	candida albicans
446	5476	candida albicans
4460	5476	candida albicans
4463	5476	candida albicans
4467	5476	candida albicans
4468	5476	candida albicans
4469	5476	candida albicans
4471	5476	candida albicans
4473	5476	candida albicans
4475	5476	candida albicans
4476	5476	candida albicans
4485	5476	candida albicans
4486	5476	candida albicans
4496	5476	candida albicans
4497	5476	candida albicans
4498	5476	candida albicans
4499	5476	candida albicans
4502	5476	candida albicans
4503	5476	candida albicans
4507	5476	candida albicans
4508	5476	candida albicans
4510	5476	candida albicans
4512	5476	candida albicans
4514	5476	candida albicans
4515	5476	candida albicans
4518	5476	candida albicans
4520	5476	candida albicans
4521	5476	candida albicans
4523	5476	candida albicans
4524	5476	candida albicans
4525	5476	candida albicans
4526	5476	candida albicans
4527	5476	candida albicans
4528	5476	candida albicans
4529	5476	candida albicans
4533	5476	candida albicans
4534	5476	candida albicans
4535	5476	candida albicans
4536	5476	candida albicans
4537	5476	candida albicans
4539	5476	candida albicans
4541	5476	candida albicans
4542	5476	candida albicans
4544	5476	candida albicans
4546	5476	candida albicans
4547	5476	candida albicans
4549	5476	candida albicans
4553	5476	candida albicans
4554	5476	candida albicans
4555	5476	candida albicans
4558	5476	candida albicans
4559	5476	candida albicans
4560	5476	candida albicans
4565	5476	candida albicans
4567	5476	candida albicans
4574	5476	candida albicans
4577	5476	candida albicans
4578	5476	candida albicans
458	5476	candida albicans
4580	5476	candida albicans
4582	5476	candida albicans
4583	5476	candida albicans
4587	5476	candida albicans
4589	5476	candida albicans
4591	5476	candida albicans
4592	5476	candida albicans
4593	5476	candida albicans
4594	5476	candida albicans
4595	5476	candida albicans
4597	5476	candida albicans
4598	5476	candida albicans
4599	5476	candida albicans
4601	5476	candida albicans
4602	5476	candida albicans
4604	5476	candida albicans
4608	5476	candida albicans
4609	5476	candida albicans
461	5476	candida albicans
4611	5476	candida albicans
4612	5476	candida albicans
4614	5476	candida albicans
462	5476	candida albicans
4622	5476	candida albicans
4627	5476	candida albicans
4628	5476	candida albicans
4629	5476	candida albicans
463	5476	candida albicans
4630	5476	candida albicans
4634	5476	candida albicans
4638	5476	candida albicans
4639	5476	candida albicans
464	5476	candida albicans
4640	5476	candida albicans
4642	5476	candida albicans
4645	5476	candida albicans
4646	5476	candida albicans
4647	5476	candida albicans
4650	5476	candida albicans
4653	5476	candida albicans
4655	5476	candida albicans
4657	5476	candida albicans
4663	5476	candida albicans
4665	5476	candida albicans
4666	5476	candida albicans
4669	5476	candida albicans
467	5476	candida albicans
4671	5476	candida albicans
4672	5476	candida albicans
4675	5476	candida albicans
4677	5476	candida albicans
4678	5476	candida albicans
468	5476	candida albicans
4683	5476	candida albicans
4684	5476	candida albicans
4685	5476	candida albicans
4686	5476	candida albicans
4687	5476	candida albicans
4694	5476	candida albicans
4695	5476	candida albicans
4696	5476	candida albicans
4697	5476	candida albicans
4698	5476	candida albicans
4699	5476	candida albicans
47	5476	candida albicans
4700	5476	candida albicans
4701	5476	candida albicans
4702	5476	candida albicans
4703	5476	candida albicans
4706	5476	candida albicans
4710	5476	candida albicans
4711	5476	candida albicans
4713	5476	candida albicans
4716	5476	candida albicans
4717	5476	candida albicans
472	5476	candida albicans
4721	5476	candida albicans
4722	5476	candida albicans
4725	5476	candida albicans
4730	5476	candida albicans
4733	5476	candida albicans
4734	5476	candida albicans
4735	5476	candida albicans
4736	5476	candida albicans
4742	5476	candida albicans
4746	5476	candida albicans
4749	5476	candida albicans
475	5476	candida albicans
4751	5476	candida albicans
4752	5476	candida albicans
4756	5476	candida albicans
4757	5476	candida albicans
4758	5476	candida albicans
4759	5476	candida albicans
476	5476	candida albicans
4763	5476	candida albicans
477	5476	candida albicans
4774	5476	candida albicans
4776	5476	candida albicans
4777	5476	candida albicans
4778	5476	candida albicans
4779	5476	candida albicans
478	5476	candida albicans
4780	5476	candida albicans
4781	5476	candida albicans
4782	5476	candida albicans
4788	5476	candida albicans
479	5476	candida albicans
4790	5476	candida albicans
4791	5476	candida albicans
4793	5476	candida albicans
4794	5476	candida albicans
4796	5476	candida albicans
4797	5476	candida albicans
48	5476	candida albicans
480	5476	candida albicans
4801	5476	candida albicans
4803	5476	candida albicans
4807	5476	candida albicans
4808	5476	candida albicans
4812	5476	candida albicans
4813	5476	candida albicans
4814	5476	candida albicans
4815	5476	candida albicans
4818	5476	candida albicans
4819	5476	candida albicans
4827	5476	candida albicans
4828	5476	candida albicans
4829	5476	candida albicans
483	5476	candida albicans
4831	5476	candida albicans
4833	5476	candida albicans
4839	5476	candida albicans
4840	5476	candida albicans
4842	5476	candida albicans
4844	5476	candida albicans
4846	5476	candida albicans
4847	5476	candida albicans
4849	5476	candida albicans
4850	5476	candida albicans
4851	5476	candida albicans
4852	5476	candida albicans
4862	5476	candida albicans
4865	5476	candida albicans
4868	5476	candida albicans
487	5476	candida albicans
4871	5476	candida albicans
4872	5476	candida albicans
4877	5476	candida albicans
4881	5476	candida albicans
4882	5476	candida albicans
4885	5476	candida albicans
4888	5476	candida albicans
4891	5476	candida albicans
4894	5476	candida albicans
4895	5476	candida albicans
4896	5476	candida albicans
4897	5476	candida albicans
4899	5476	candida albicans
4901	5476	candida albicans
4909	5476	candida albicans
4912	5476	candida albicans
4917	5476	candida albicans
4918	5476	candida albicans
4919	5476	candida albicans
4920	5476	candida albicans
4922	5476	candida albicans
4923	5476	candida albicans
4928	5476	candida albicans
4931	5476	candida albicans
4932	5476	candida albicans
4933	5476	candida albicans
4934	5476	candida albicans
4936	5476	candida albicans
4937	5476	candida albicans
4938	5476	candida albicans
4939	5476	candida albicans
494	5476	candida albicans
4940	5476	candida albicans
4942	5476	candida albicans
4943	5476	candida albicans
4944	5476	candida albicans
4945	5476	candida albicans
4946	5476	candida albicans
4949	5476	candida albicans
4951	5476	candida albicans
4953	5476	candida albicans
4954	5476	candida albicans
496	5476	candida albicans
4960	5476	candida albicans
4963	5476	candida albicans
4964	5476	candida albicans
4966	5476	candida albicans
4968	5476	candida albicans
4971	5476	candida albicans
4976	5476	candida albicans
4982	5476	candida albicans
4983	5476	candida albicans
4984	5476	candida albicans
4985	5476	candida albicans
4986	5476	candida albicans
4988	5476	candida albicans
4989	5476	candida albicans
499	5476	candida albicans
4990	5476	candida albicans
4991	5476	candida albicans
4993	5476	candida albicans
4995	5476	candida albicans
4996	5476	candida albicans
4997	5476	candida albicans
4998	5476	candida albicans
500	5476	candida albicans
5001	5476	candida albicans
5003	5476	candida albicans
5005	5476	candida albicans
5007	5476	candida albicans
5010	5476	candida albicans
5014	5476	candida albicans
5016	5476	candida albicans
5018	5476	candida albicans
5021	5476	candida albicans
5027	5476	candida albicans
5030	5476	candida albicans
5035	5476	candida albicans
5038	5476	candida albicans
5039	5476	candida albicans
5040	5476	candida albicans
5042	5476	candida albicans
5045	5476	candida albicans
5047	5476	candida albicans
5048	5476	candida albicans
505	5476	candida albicans
5050	5476	candida albicans
5051	5476	candida albicans
5056	5476	candida albicans
5059	5476	candida albicans
5062	5476	candida albicans
5064	5476	candida albicans
5066	5476	candida albicans
5067	5476	candida albicans
5072	5476	candida albicans
5073	5476	candida albicans
5077	5476	candida albicans
5078	5476	candida albicans
508	5476	candida albicans
5081	5476	candida albicans
5085	5476	candida albicans
5086	5476	candida albicans
5087	5476	candida albicans
5088	5476	candida albicans
5089	5476	candida albicans
5091	5476	candida albicans
5092	5476	candida albicans
510	5476	candida albicans
5102	5476	candida albicans
5103	5476	candida albicans
5104	5476	candida albicans
5106	5476	candida albicans
5108	5476	candida albicans
5109	5476	candida albicans
5112	5476	candida albicans
5114	5476	candida albicans
5116	5476	candida albicans
512	5476	candida albicans
5125	5476	candida albicans
5126	5476	candida albicans
5127	5476	candida albicans
5129	5476	candida albicans
513	5476	candida albicans
5130	5476	candida albicans
5133	5476	candida albicans
5134	5476	candida albicans
5139	5476	candida albicans
514	5476	candida albicans
5140	5476	candida albicans
5142	5476	candida albicans
5146	5476	candida albicans
5148	5476	candida albicans
515	5476	candida albicans
5154	5476	candida albicans
5156	5476	candida albicans
5157	5476	candida albicans
5159	5476	candida albicans
516	5476	candida albicans
5164	5476	candida albicans
5165	5476	candida albicans
517	5476	candida albicans
5176	5476	candida albicans
5179	5476	candida albicans
5180	5476	candida albicans
5187	5476	candida albicans
5190	5476	candida albicans
5192	5476	candida albicans
5198	5476	candida albicans
5199	5476	candida albicans
520	5476	candida albicans
5200	5476	candida albicans
5205	5476	candida albicans
5210	5476	candida albicans
5212	5476	candida albicans
5215	5476	candida albicans
5219	5476	candida albicans
5220	5476	candida albicans
5221	5476	candida albicans
5223	5476	candida albicans
5224	5476	candida albicans
5226	5476	candida albicans
5227	5476	candida albicans
5228	5476	candida albicans
5230	5476	candida albicans
5233	5476	candida albicans
5234	5476	candida albicans
5238	5476	candida albicans
5242	5476	candida albicans
5244	5476	candida albicans
5245	5476	candida albicans
5252	5476	candida albicans
5255	5476	candida albicans
5261	5476	candida albicans
5265	5476	candida albicans
5266	5476	candida albicans
527	5476	candida albicans
5277	5476	candida albicans
5279	5476	candida albicans
528	5476	candida albicans
5281	5476	candida albicans
5282	5476	candida albicans
5283	5476	candida albicans
5284	5476	candida albicans
529	5476	candida albicans
5291	5476	candida albicans
5293	5476	candida albicans
5295	5476	candida albicans
5296	5476	candida albicans
53	5476	candida albicans
5300	5476	candida albicans
5301	5476	candida albicans
5303	5476	candida albicans
5304	5476	candida albicans
5305	5476	candida albicans
5306	5476	candida albicans
5312	5476	candida albicans
5313	5476	candida albicans
5314	5476	candida albicans
5315	5476	candida albicans
5318	5476	candida albicans
532	5476	candida albicans
5321	5476	candida albicans
5322	5476	candida albicans
5324	5476	candida albicans
5328	5476	candida albicans
5329	5476	candida albicans
5336	5476	candida albicans
5337	5476	candida albicans
5341	5476	candida albicans
5342	5476	candida albicans
5344	5476	candida albicans
535	5476	candida albicans
5359	5476	candida albicans
536	5476	candida albicans
5362	5476	candida albicans
5365	5476	candida albicans
537	5476	candida albicans
5372	5476	candida albicans
5377	5476	candida albicans
5378	5476	candida albicans
5380	5476	candida albicans
5384	5476	candida albicans
539	5476	candida albicans
5390	5476	candida albicans
5394	5476	candida albicans
5398	5476	candida albicans
5402	5476	candida albicans
5403	5476	candida albicans
5406	5476	candida albicans
5407	5476	candida albicans
5418	5476	candida albicans
5422	5476	candida albicans
5429	5476	candida albicans
543	5476	candida albicans
5431	5476	candida albicans
5434	5476	candida albicans
544	5476	candida albicans
5441	5476	candida albicans
5442	5476	candida albicans
5445	5476	candida albicans
5446	5476	candida albicans
5447	5476	candida albicans
5450	5476	candida albicans
5451	5476	candida albicans
5458	5476	candida albicans
5462	5476	candida albicans
5463	5476	candida albicans
5465	5476	candida albicans
5473	5476	candida albicans
5474	5476	candida albicans
5477	5476	candida albicans
5478	5476	candida albicans
5479	5476	candida albicans
5482	5476	candida albicans
5484	5476	candida albicans
5487	5476	candida albicans
549	5476	candida albicans
5492	5476	candida albicans
5493	5476	candida albicans
5496	5476	candida albicans
5498	5476	candida albicans
5499	5476	candida albicans
55	5476	candida albicans
5501	5476	candida albicans
5503	5476	candida albicans
5506	5476	candida albicans
5509	5476	candida albicans
551	5476	candida albicans
5514	5476	candida albicans
5517	5476	candida albicans
5519	5476	candida albicans
552	5476	candida albicans
5520	5476	candida albicans
5521	5476	candida albicans
5523	5476	candida albicans
5525	5476	candida albicans
5529	5476	candida albicans
5530	5476	candida albicans
5532	5476	candida albicans
5533	5476	candida albicans
5534	5476	candida albicans
5537	5476	candida albicans
5538	5476	candida albicans
5540	5476	candida albicans
5542	5476	candida albicans
5543	5476	candida albicans
5544	5476	candida albicans
5548	5476	candida albicans
5549	5476	candida albicans
555	5476	candida albicans
5550	5476	candida albicans
5554	5476	candida albicans
5555	5476	candida albicans
5559	5476	candida albicans
5560	5476	candida albicans
5562	5476	candida albicans
5564	5476	candida albicans
5566	5476	candida albicans
5569	5476	candida albicans
557	5476	candida albicans
5570	5476	candida albicans
5572	5476	candida albicans
5575	5476	candida albicans
5578	5476	candida albicans
5579	5476	candida albicans
5582	5476	candida albicans
5583	5476	candida albicans
5586	5476	candida albicans
5587	5476	candida albicans
5590	5476	candida albicans
5591	5476	candida albicans
5595	5476	candida albicans
5596	5476	candida albicans
5597	5476	candida albicans
5599	5476	candida albicans
560	5476	candida albicans
5602	5476	candida albicans
5603	5476	candida albicans
5605	5476	candida albicans
5607	5476	candida albicans
5608	5476	candida albicans
5609	5476	candida albicans
5610	5476	candida albicans
5613	5476	candida albicans
5616	5476	candida albicans
5617	5476	candida albicans
5619	5476	candida albicans
562	5476	candida albicans
5622	5476	candida albicans
5624	5476	candida albicans
5625	5476	candida albicans
5630	5476	candida albicans
5635	5476	candida albicans
5636	5476	candida albicans
5637	5476	candida albicans
5638	5476	candida albicans
5639	5476	candida albicans
564	5476	candida albicans
5640	5476	candida albicans
5642	5476	candida albicans
5644	5476	candida albicans
5646	5476	candida albicans
5653	5476	candida albicans
5657	5476	candida albicans
5658	5476	candida albicans
5659	5476	candida albicans
5661	5476	candida albicans
5663	5476	candida albicans
5665	5476	candida albicans
5667	5476	candida albicans
5671	5476	candida albicans
5672	5476	candida albicans
5673	5476	candida albicans
5674	5476	candida albicans
5676	5476	candida albicans
5677	5476	candida albicans
5679	5476	candida albicans
5681	5476	candida albicans
5682	5476	candida albicans
5683	5476	candida albicans
5685	5476	candida albicans
5689	5476	candida albicans
5691	5476	candida albicans
5693	5476	candida albicans
5694	5476	candida albicans
5698	5476	candida albicans
5700	5476	candida albicans
5705	5476	candida albicans
5707	5476	candida albicans
5708	5476	candida albicans
571	5476	candida albicans
5710	5476	candida albicans
5715	5476	candida albicans
572	5476	candida albicans
5723	5476	candida albicans
5724	5476	candida albicans
5725	5476	candida albicans
5726	5476	candida albicans
5729	5476	candida albicans
573	5476	candida albicans
5733	5476	candida albicans
5734	5476	candida albicans
5735	5476	candida albicans
5736	5476	candida albicans
5743	5476	candida albicans
5745	5476	candida albicans
5747	5476	candida albicans
575	5476	candida albicans
5751	5476	candida albicans
5752	5476	candida albicans
5755	5476	candida albicans
5758	5476	candida albicans
5760	5476	candida albicans
5762	5476	candida albicans
5764	5476	candida albicans
5765	5476	candida albicans
5777	5476	candida albicans
5780	5476	candida albicans
5782	5476	candida albicans
5784	5476	candida albicans
5785	5476	candida albicans
5786	5476	candida albicans
5787	5476	candida albicans
5788	5476	candida albicans
5793	5476	candida albicans
5798	5476	candida albicans
5799	5476	candida albicans
58	5476	candida albicans
5801	5476	candida albicans
5802	5476	candida albicans
5803	5476	candida albicans
5808	5476	candida albicans
581	5476	candida albicans
5814	5476	candida albicans
5815	5476	candida albicans
5819	5476	candida albicans
5822	5476	candida albicans
5824	5476	candida albicans
5830	5476	candida albicans
5833	5476	candida albicans
5835	5476	candida albicans
5836	5476	candida albicans
5837	5476	candida albicans
5838	5476	candida albicans
5843	5476	candida albicans
5844	5476	candida albicans
5845	5476	candida albicans
5847	5476	candida albicans
5848	5476	candida albicans
5849	5476	candida albicans
585	5476	candida albicans
5851	5476	candida albicans
5853	5476	candida albicans
5855	5476	candida albicans
5857	5476	candida albicans
5858	5476	candida albicans
5859	5476	candida albicans
5861	5476	candida albicans
5872	5476	candida albicans
5877	5476	candida albicans
5879	5476	candida albicans
5886	5476	candida albicans
5888	5476	candida albicans
5889	5476	candida albicans
589	5476	candida albicans
5891	5476	candida albicans
59	5476	candida albicans
5901	5476	candida albicans
5904	5476	candida albicans
5905	5476	candida albicans
5906	5476	candida albicans
5907	5476	candida albicans
5913	5476	candida albicans
5916	5476	candida albicans
5917	5476	candida albicans
5919	5476	candida albicans
592	5476	candida albicans
5920	5476	candida albicans
5921	5476	candida albicans
5923	5476	candida albicans
5925	5476	candida albicans
5926	5476	candida albicans
5927	5476	candida albicans
5935	5476	candida albicans
5936	5476	candida albicans
5940	5476	candida albicans
5942	5476	candida albicans
5944	5476	candida albicans
5946	5476	candida albicans
5948	5476	candida albicans
595	5476	candida albicans
5950	5476	candida albicans
5951	5476	candida albicans
5954	5476	candida albicans
5960	5476	candida albicans
5962	5476	candida albicans
5970	5476	candida albicans
5974	5476	candida albicans
5976	5476	candida albicans
5979	5476	candida albicans
5980	5476	candida albicans
5985	5476	candida albicans
5986	5476	candida albicans
5987	5476	candida albicans
5990	5476	candida albicans
5993	5476	candida albicans
6003	5476	candida albicans
6004	5476	candida albicans
6008	5476	candida albicans
6009	5476	candida albicans
601	5476	candida albicans
6011	5476	candida albicans
6015	5476	candida albicans
602	5476	candida albicans
6021	5476	candida albicans
6022	5476	candida albicans
6023	5476	candida albicans
6026	5476	candida albicans
6027	5476	candida albicans
6028	5476	candida albicans
6034	5476	candida albicans
6035	5476	candida albicans
6036	5476	candida albicans
6037	5476	candida albicans
6039	5476	candida albicans
6041	5476	candida albicans
6042	5476	candida albicans
6043	5476	candida albicans
6048	5476	candida albicans
6049	5476	candida albicans
605	5476	candida albicans
6051	5476	candida albicans
6053	5476	candida albicans
6054	5476	candida albicans
6057	5476	candida albicans
6062	5476	candida albicans
6063	5476	candida albicans
6064	5476	candida albicans
6065	5476	candida albicans
6067	5476	candida albicans
6068	5476	candida albicans
6071	5476	candida albicans
6079	5476	candida albicans
608	5476	candida albicans
6080	5476	candida albicans
6081	5476	candida albicans
6084	5476	candida albicans
6086	5476	candida albicans
6090	5476	candida albicans
6094	5476	candida albicans
6095	5476	candida albicans
6099	5476	candida albicans
6101	5476	candida albicans
6102	5476	candida albicans
6103	5476	candida albicans
6106	5476	candida albicans
6107	5476	candida albicans
6109	5476	candida albicans
6111	5476	candida albicans
6116	5476	candida albicans
6117	5476	candida albicans
6118	5476	candida albicans
6121	5476	candida albicans
6126	5476	candida albicans
6129	5476	candida albicans
6132	5476	candida albicans
6136	5476	candida albicans
6138	5476	candida albicans
6141	5476	candida albicans
6143	5476	candida albicans
6144	5476	candida albicans
6145	5476	candida albicans
6146	5476	candida albicans
6148	5476	candida albicans
615	5476	candida albicans
6150	5476	candida albicans
6151	5476	candida albicans
6155	5476	candida albicans
6156	5476	candida albicans
6159	5476	candida albicans
616	5476	candida albicans
6165	5476	candida albicans
6166	5476	candida albicans
617	5476	candida albicans
6178	5476	candida albicans
6179	5476	candida albicans
6181	5476	candida albicans
6182	5476	candida albicans
6183	5476	candida albicans
6189	5476	candida albicans
619	5476	candida albicans
6193	5476	candida albicans
6194	5476	candida albicans
6199	5476	candida albicans
620	5476	candida albicans
6200	5476	candida albicans
6202	5476	candida albicans
6203	5476	candida albicans
6206	5476	candida albicans
6207	5476	candida albicans
621	5476	candida albicans
6215	5476	candida albicans
6223	5476	candida albicans
6224	5476	candida albicans
6231	5476	candida albicans
6233	5476	candida albicans
6234	5476	candida albicans
6236	5476	candida albicans
6238	5476	candida albicans
6241	5476	candida albicans
6242	5476	candida albicans
6245	5476	candida albicans
6247	5476	candida albicans
6248	5476	candida albicans
6253	5476	candida albicans
6254	5476	candida albicans
6255	5476	candida albicans
626	5476	candida albicans
6261	5476	candida albicans
6262	5476	candida albicans
6264	5476	candida albicans
627	5476	candida albicans
6272	5476	candida albicans
6280	5476	candida albicans
6282	5476	candida albicans
6284	5476	candida albicans
6285	5476	candida albicans
6286	5476	candida albicans
6287	5476	candida albicans
6289	5476	candida albicans
629	5476	candida albicans
6293	5476	candida albicans
6295	5476	candida albicans
6297	5476	candida albicans
6298	5476	candida albicans
6299	5476	candida albicans
6301	5476	candida albicans
6302	5476	candida albicans
6304	5476	candida albicans
6308	5476	candida albicans
6309	5476	candida albicans
6310	5476	candida albicans
6312	5476	candida albicans
6314	5476	candida albicans
6316	5476	candida albicans
632	5476	candida albicans
6320	5476	candida albicans
6321	5476	candida albicans
6323	5476	candida albicans
6326	5476	candida albicans
6327	5476	candida albicans
6328	5476	candida albicans
633	5476	candida albicans
6334	5476	candida albicans
6336	5476	candida albicans
6338	5476	candida albicans
634	5476	candida albicans
6340	5476	candida albicans
6344	5476	candida albicans
6345	5476	candida albicans
6346	5476	candida albicans
6348	5476	candida albicans
6350	5476	candida albicans
6351	5476	candida albicans
6353	5476	candida albicans
6355	5476	candida albicans
6357	5476	candida albicans
6358	5476	candida albicans
6360	5476	candida albicans
6362	5476	candida albicans
6363	5476	candida albicans
6365	5476	candida albicans
6368	5476	candida albicans
637	5476	candida albicans
6370	5476	candida albicans
6371	5476	candida albicans
6373	5476	candida albicans
6374	5476	candida albicans
6375	5476	candida albicans
6376	5476	candida albicans
6377	5476	candida albicans
6378	5476	candida albicans
6379	5476	candida albicans
6381	5476	candida albicans
6382	5476	candida albicans
6383	5476	candida albicans
6384	5476	candida albicans
6387	5476	candida albicans
6389	5476	candida albicans
6391	5476	candida albicans
6394	5476	candida albicans
6397	5476	candida albicans
6402	5476	candida albicans
6413	5476	candida albicans
6417	5476	candida albicans
6418	5476	candida albicans
6421	5476	candida albicans
6422	5476	candida albicans
6424	5476	candida albicans
6426	5476	candida albicans
6428	5476	candida albicans
6431	5476	candida albicans
6432	5476	candida albicans
6435	5476	candida albicans
6436	5476	candida albicans
644	5476	candida albicans
6440	5476	candida albicans
6443	5476	candida albicans
6445	5476	candida albicans
6447	5476	candida albicans
6452	5476	candida albicans
6453	5476	candida albicans
6456	5476	candida albicans
6458	5476	candida albicans
6459	5476	candida albicans
6460	5476	candida albicans
6461	5476	candida albicans
6468	5476	candida albicans
6469	5476	candida albicans
647	5476	candida albicans
6470	5476	candida albicans
6471	5476	candida albicans
6481	5476	candida albicans
6484	5476	candida albicans
6486	5476	candida albicans
6490	5476	candida albicans
6493	5476	candida albicans
6496	5476	candida albicans
6497	5476	candida albicans
6499	5476	candida albicans
6500	5476	candida albicans
6503	5476	candida albicans
6508	5476	candida albicans
6509	5476	candida albicans
651	5476	candida albicans
6510	5476	candida albicans
6512	5476	candida albicans
6513	5476	candida albicans
6514	5476	candida albicans
6521	5476	candida albicans
6522	5476	candida albicans
6523	5476	candida albicans
6524	5476	candida albicans
6526	5476	candida albicans
6527	5476	candida albicans
6528	5476	candida albicans
6531	5476	candida albicans
6533	5476	candida albicans
6537	5476	candida albicans
6539	5476	candida albicans
6542	5476	candida albicans
6546	5476	candida albicans
6549	5476	candida albicans
6550	5476	candida albicans
6551	5476	candida albicans
6561	5476	candida albicans
6565	5476	candida albicans
6566	5476	candida albicans
6569	5476	candida albicans
657	5476	candida albicans
6575	5476	candida albicans
6576	5476	candida albicans
6581	5476	candida albicans
6582	5476	candida albicans
6585	5476	candida albicans
6586	5476	candida albicans
6587	5476	candida albicans
6588	5476	candida albicans
659	5476	candida albicans
6590	5476	candida albicans
6593	5476	candida albicans
6594	5476	candida albicans
6595	5476	candida albicans
6597	5476	candida albicans
6598	5476	candida albicans
6599	5476	candida albicans
66	5476	candida albicans
660	5476	candida albicans
6600	5476	candida albicans
6601	5476	candida albicans
6606	5476	candida albicans
6610	5476	candida albicans
6613	5476	candida albicans
6621	5476	candida albicans
6624	5476	candida albicans
6625	5476	candida albicans
6626	5476	candida albicans
6629	5476	candida albicans
6631	5476	candida albicans
6632	5476	candida albicans
6636	5476	candida albicans
6637	5476	candida albicans
6638	5476	candida albicans
664	5476	candida albicans
6640	5476	candida albicans
6641	5476	candida albicans
6643	5476	candida albicans
6647	5476	candida albicans
6648	5476	candida albicans
6653	5476	candida albicans
6655	5476	candida albicans
6656	5476	candida albicans
6658	5476	candida albicans
6660	5476	candida albicans
6661	5476	candida albicans
6663	5476	candida albicans
6664	5476	candida albicans
6665	5476	candida albicans
6671	5476	candida albicans
6672	5476	candida albicans
6673	5476	candida albicans
6674	5476	candida albicans
6675	5476	candida albicans
6677	5476	candida albicans
6678	5476	candida albicans
6679	5476	candida albicans
668	5476	candida albicans
6682	5476	candida albicans
6688	5476	candida albicans
6689	5476	candida albicans
6690	5476	candida albicans
6692	5476	candida albicans
6693	5476	candida albicans
6694	5476	candida albicans
6698	5476	candida albicans
6699	5476	candida albicans
6700	5476	candida albicans
6701	5476	candida albicans
6707	5476	candida albicans
6709	5476	candida albicans
6710	5476	candida albicans
6712	5476	candida albicans
6713	5476	candida albicans
6714	5476	candida albicans
6722	5476	candida albicans
6725	5476	candida albicans
6728	5476	candida albicans
673	5476	candida albicans
6731	5476	candida albicans
6732	5476	candida albicans
6733	5476	candida albicans
6735	5476	candida albicans
6738	5476	candida albicans
674	5476	candida albicans
6741	5476	candida albicans
6749	5476	candida albicans
675	5476	candida albicans
6750	5476	candida albicans
6751	5476	candida albicans
6752	5476	candida albicans
6753	5476	candida albicans
6755	5476	candida albicans
6756	5476	candida albicans
6757	5476	candida albicans
6759	5476	candida albicans
676	5476	candida albicans
6761	5476	candida albicans
6765	5476	candida albicans
6766	5476	candida albicans
6768	5476	candida albicans
6769	5476	candida albicans
6771	5476	candida albicans
6772	5476	candida albicans
6774	5476	candida albicans
678	5476	candida albicans
6782	5476	candida albicans
6784	5476	candida albicans
6785	5476	candida albicans
6786	5476	candida albicans
6788	5476	candida albicans
6791	5476	candida albicans
6796	5476	candida albicans
6797	5476	candida albicans
6798	5476	candida albicans
6799	5476	candida albicans
680	5476	candida albicans
6800	5476	candida albicans
6802	5476	candida albicans
681	5476	candida albicans
6811	5476	candida albicans
6813	5476	candida albicans
6815	5476	candida albicans
6816	5476	candida albicans
6818	5476	candida albicans
6820	5476	candida albicans
6821	5476	candida albicans
6822	5476	candida albicans
6824	5476	candida albicans
6826	5476	candida albicans
6829	5476	candida albicans
683	5476	candida albicans
6831	5476	candida albicans
6832	5476	candida albicans
6833	5476	candida albicans
6834	5476	candida albicans
6836	5476	candida albicans
6838	5476	candida albicans
6839	5476	candida albicans
684	5476	candida albicans
6840	5476	candida albicans
6841	5476	candida albicans
6845	5476	candida albicans
6847	5476	candida albicans
6849	5476	candida albicans
6853	5476	candida albicans
6855	5476	candida albicans
6858	5476	candida albicans
686	5476	candida albicans
6861	5476	candida albicans
6862	5476	candida albicans
6865	5476	candida albicans
6869	5476	candida albicans
6870	5476	candida albicans
6871	5476	candida albicans
6872	5476	candida albicans
6874	5476	candida albicans
6877	5476	candida albicans
6878	5476	candida albicans
6879	5476	candida albicans
6880	5476	candida albicans
6881	5476	candida albicans
6882	5476	candida albicans
6885	5476	candida albicans
6892	5476	candida albicans
6893	5476	candida albicans
6895	5476	candida albicans
6896	5476	candida albicans
6898	5476	candida albicans
6899	5476	candida albicans
69	5476	candida albicans
690	5476	candida albicans
6900	5476	candida albicans
6902	5476	candida albicans
6904	5476	candida albicans
6906	5476	candida albicans
6908	5476	candida albicans
6914	5476	candida albicans
6919	5476	candida albicans
692	5476	candida albicans
6920	5476	candida albicans
6922	5476	candida albicans
6926	5476	candida albicans
6928	5476	candida albicans
6929	5476	candida albicans
6931	5476	candida albicans
6934	5476	candida albicans
6942	5476	candida albicans
6947	5476	candida albicans
695	5476	candida albicans
6957	5476	candida albicans
696	5476	candida albicans
6962	5476	candida albicans
6963	5476	candida albicans
6966	5476	candida albicans
6967	5476	candida albicans
6971	5476	candida albicans
6973	5476	candida albicans
6976	5476	candida albicans
6977	5476	candida albicans
6979	5476	candida albicans
6980	5476	candida albicans
6981	5476	candida albicans
6982	5476	candida albicans
6986	5476	candida albicans
6989	5476	candida albicans
6991	5476	candida albicans
6998	5476	candida albicans
6999	5476	candida albicans
7	5476	candida albicans
7000	5476	candida albicans
7001	5476	candida albicans
7005	5476	candida albicans
7007	5476	candida albicans
701	5476	candida albicans
7011	5476	candida albicans
7012	5476	candida albicans
7013	5476	candida albicans
7014	5476	candida albicans
7017	5476	candida albicans
7018	5476	candida albicans
7019	5476	candida albicans
7020	5476	candida albicans
7021	5476	candida albicans
7025	5476	candida albicans
7026	5476	candida albicans
7029	5476	candida albicans
7031	5476	candida albicans
7033	5476	candida albicans
7036	5476	candida albicans
7037	5476	candida albicans
7038	5476	candida albicans
7039	5476	candida albicans
704	5476	candida albicans
7040	5476	candida albicans
7044	5476	candida albicans
7045	5476	candida albicans
7051	5476	candida albicans
7053	5476	candida albicans
7054	5476	candida albicans
7057	5476	candida albicans
706	5476	candida albicans
7060	5476	candida albicans
7061	5476	candida albicans
7062	5476	candida albicans
7064	5476	candida albicans
7070	5476	candida albicans
7071	5476	candida albicans
7072	5476	candida albicans
7076	5476	candida albicans
7077	5476	candida albicans
708	5476	candida albicans
7080	5476	candida albicans
7082	5476	candida albicans
7085	5476	candida albicans
7088	5476	candida albicans
7098	5476	candida albicans
7099	5476	candida albicans
710	5476	candida albicans
7100	5476	candida albicans
7101	5476	candida albicans
7103	5476	candida albicans
7104	5476	candida albicans
7109	5476	candida albicans
7110	5476	candida albicans
7113	5476	candida albicans
7114	5476	candida albicans
7119	5476	candida albicans
7126	5476	candida albicans
713	5476	candida albicans
7130	5476	candida albicans
7132	5476	candida albicans
7134	5476	candida albicans
7138	5476	candida albicans
7140	5476	candida albicans
7143	5476	candida albicans
7146	5476	candida albicans
7149	5476	candida albicans
7150	5476	candida albicans
7151	5476	candida albicans
7153	5476	candida albicans
7159	5476	candida albicans
7162	5476	candida albicans
7165	5476	candida albicans
7166	5476	candida albicans
717	5476	candida albicans
7171	5476	candida albicans
7176	5476	candida albicans
7178	5476	candida albicans
7180	5476	candida albicans
7182	5476	candida albicans
7183	5476	candida albicans
7184	5476	candida albicans
7186	5476	candida albicans
7188	5476	candida albicans
7189	5476	candida albicans
7192	5476	candida albicans
7194	5476	candida albicans
72	5476	candida albicans
720	5476	candida albicans
7200	5476	candida albicans
7205	5476	candida albicans
7206	5476	candida albicans
7207	5476	candida albicans
7208	5476	candida albicans
721	5476	candida albicans
7210	5476	candida albicans
7211	5476	candida albicans
7213	5476	candida albicans
7216	5476	candida albicans
7219	5476	candida albicans
7220	5476	candida albicans
7221	5476	candida albicans
7228	5476	candida albicans
7230	5476	candida albicans
7231	5476	candida albicans
7232	5476	candida albicans
7234	5476	candida albicans
7238	5476	candida albicans
7243	5476	candida albicans
7244	5476	candida albicans
7246	5476	candida albicans
7248	5476	candida albicans
725	5476	candida albicans
7253	5476	candida albicans
7256	5476	candida albicans
7257	5476	candida albicans
7258	5476	candida albicans
7261	5476	candida albicans
7264	5476	candida albicans
7265	5476	candida albicans
7266	5476	candida albicans
7267	5476	candida albicans
7269	5476	candida albicans
7277	5476	candida albicans
7278	5476	candida albicans
7286	5476	candida albicans
7292	5476	candida albicans
7293	5476	candida albicans
7297	5476	candida albicans
7298	5476	candida albicans
73	5476	candida albicans
7301	5476	candida albicans
731	5476	candida albicans
7310	5476	candida albicans
7313	5476	candida albicans
7315	5476	candida albicans
7317	5476	candida albicans
7319	5476	candida albicans
732	5476	candida albicans
7320	5476	candida albicans
7321	5476	candida albicans
7324	5476	candida albicans
7330	5476	candida albicans
7332	5476	candida albicans
7335	5476	candida albicans
7336	5476	candida albicans
7340	5476	candida albicans
7341	5476	candida albicans
7342	5476	candida albicans
7343	5476	candida albicans
7344	5476	candida albicans
7346	5476	candida albicans
735	5476	candida albicans
7350	5476	candida albicans
7351	5476	candida albicans
7352	5476	candida albicans
7353	5476	candida albicans
7355	5476	candida albicans
7356	5476	candida albicans
7358	5476	candida albicans
736	5476	candida albicans
7361	5476	candida albicans
7364	5476	candida albicans
7365	5476	candida albicans
7366	5476	candida albicans
7370	5476	candida albicans
7371	5476	candida albicans
7377	5476	candida albicans
7385	5476	candida albicans
7386	5476	candida albicans
739	5476	candida albicans
7392	5476	candida albicans
7393	5476	candida albicans
7394	5476	candida albicans
7395	5476	candida albicans
7396	5476	candida albicans
7397	5476	candida albicans
7398	5476	candida albicans
7399	5476	candida albicans
74	5476	candida albicans
7406	5476	candida albicans
7407	5476	candida albicans
7408	5476	candida albicans
7409	5476	candida albicans
7411	5476	candida albicans
7413	5476	candida albicans
7414	5476	candida albicans
7415	5476	candida albicans
7419	5476	candida albicans
7420	5476	candida albicans
7424	5476	candida albicans
743	5476	candida albicans
7434	5476	candida albicans
7437	5476	candida albicans
7439	5476	candida albicans
744	5476	candida albicans
7442	5476	candida albicans
7446	5476	candida albicans
7448	5476	candida albicans
7450	5476	candida albicans
7452	5476	candida albicans
7454	5476	candida albicans
7455	5476	candida albicans
7456	5476	candida albicans
7461	5476	candida albicans
7462	5476	candida albicans
7465	5476	candida albicans
7466	5476	candida albicans
7467	5476	candida albicans
7468	5476	candida albicans
7475	5476	candida albicans
7480	5476	candida albicans
7481	5476	candida albicans
7484	5476	candida albicans
7485	5476	candida albicans
7486	5476	candida albicans
7487	5476	candida albicans
7488	5476	candida albicans
7489	5476	candida albicans
7490	5476	candida albicans
7493	5476	candida albicans
7495	5476	candida albicans
7499	5476	candida albicans
7500	5476	candida albicans
7501	5476	candida albicans
7502	5476	candida albicans
7506	5476	candida albicans
7507	5476	candida albicans
7508	5476	candida albicans
751	5476	candida albicans
7513	5476	candida albicans
7514	5476	candida albicans
7516	5476	candida albicans
7519	5476	candida albicans
7521	5476	candida albicans
7527	5476	candida albicans
7528	5476	candida albicans
7530	5476	candida albicans
7532	5476	candida albicans
7534	5476	candida albicans
7535	5476	candida albicans
7537	5476	candida albicans
754	5476	candida albicans
7540	5476	candida albicans
7544	5476	candida albicans
7545	5476	candida albicans
7548	5476	candida albicans
755	5476	candida albicans
7553	5476	candida albicans
7555	5476	candida albicans
7556	5476	candida albicans
7557	5476	candida albicans
7559	5476	candida albicans
7560	5476	candida albicans
7561	5476	candida albicans
7565	5476	candida albicans
7570	5476	candida albicans
7572	5476	candida albicans
7580	5476	candida albicans
7582	5476	candida albicans
7585	5476	candida albicans
7586	5476	candida albicans
7588	5476	candida albicans
7589	5476	candida albicans
759	5476	candida albicans
7590	5476	candida albicans
7591	5476	candida albicans
7592	5476	candida albicans
7595	5476	candida albicans
7597	5476	candida albicans
760	5476	candida albicans
7600	5476	candida albicans
7603	5476	candida albicans
7604	5476	candida albicans
7609	5476	candida albicans
7613	5476	candida albicans
7614	5476	candida albicans
7615	5476	candida albicans
7617	5476	candida albicans
7621	5476	candida albicans
7622	5476	candida albicans
7625	5476	candida albicans
7628	5476	candida albicans
7629	5476	candida albicans
763	5476	candida albicans
7630	5476	candida albicans
7631	5476	candida albicans
7632	5476	candida albicans
7634	5476	candida albicans
7637	5476	candida albicans
7638	5476	candida albicans
7643	5476	candida albicans
765	5476	candida albicans
7650	5476	candida albicans
7651	5476	candida albicans
7652	5476	candida albicans
7656	5476	candida albicans
7658	5476	candida albicans
7663	5476	candida albicans
7665	5476	candida albicans
7666	5476	candida albicans
7667	5476	candida albicans
7669	5476	candida albicans
7671	5476	candida albicans
7677	5476	candida albicans
7678	5476	candida albicans
7679	5476	candida albicans
7681	5476	candida albicans
7682	5476	candida albicans
7683	5476	candida albicans
7684	5476	candida albicans
769	5476	candida albicans
7690	5476	candida albicans
7693	5476	candida albicans
7696	5476	candida albicans
77	5476	candida albicans
7709	5476	candida albicans
771	5476	candida albicans
7710	5476	candida albicans
7711	5476	candida albicans
7715	5476	candida albicans
7716	5476	candida albicans
7718	5476	candida albicans
7719	5476	candida albicans
7722	5476	candida albicans
7724	5476	candida albicans
7725	5476	candida albicans
7726	5476	candida albicans
7727	5476	candida albicans
773	5476	candida albicans
7730	5476	candida albicans
7737	5476	candida albicans
7741	5476	candida albicans
7742	5476	candida albicans
7745	5476	candida albicans
7746	5476	candida albicans
7749	5476	candida albicans
7751	5476	candida albicans
7752	5476	candida albicans
7753	5476	candida albicans
7755	5476	candida albicans
7756	5476	candida albicans
776	5476	candida albicans
7760	5476	candida albicans
7765	5476	candida albicans
7768	5476	candida albicans
7769	5476	candida albicans
7771	5476	candida albicans
7778	5476	candida albicans
778	5476	candida albicans
7780	5476	candida albicans
7784	5476	candida albicans
7786	5476	candida albicans
7787	5476	candida albicans
7788	5476	candida albicans
7790	5476	candida albicans
7791	5476	candida albicans
7795	5476	candida albicans
780	5476	candida albicans
7805	5476	candida albicans
7806	5476	candida albicans
7809	5476	candida albicans
781	5476	candida albicans
7812	5476	candida albicans
7813	5476	candida albicans
7814	5476	candida albicans
7815	5476	candida albicans
7817	5476	candida albicans
7818	5476	candida albicans
7819	5476	candida albicans
7820	5476	candida albicans
7821	5476	candida albicans
7823	5476	candida albicans
7825	5476	candida albicans
7828	5476	candida albicans
7829	5476	candida albicans
7830	5476	candida albicans
7831	5476	candida albicans
7835	5476	candida albicans
7839	5476	candida albicans
784	5476	candida albicans
7842	5476	candida albicans
7843	5476	candida albicans
7844	5476	candida albicans
7845	5476	candida albicans
7847	5476	candida albicans
785	5476	candida albicans
7855	5476	candida albicans
7856	5476	candida albicans
7859	5476	candida albicans
786	5476	candida albicans
7860	5476	candida albicans
7861	5476	candida albicans
7862	5476	candida albicans
7865	5476	candida albicans
7866	5476	candida albicans
7867	5476	candida albicans
7869	5476	candida albicans
7875	5476	candida albicans
7876	5476	candida albicans
7878	5476	candida albicans
7879	5476	candida albicans
788	5476	candida albicans
7880	5476	candida albicans
7882	5476	candida albicans
7883	5476	candida albicans
7884	5476	candida albicans
7886	5476	candida albicans
7889	5476	candida albicans
789	5476	candida albicans
7892	5476	candida albicans
7893	5476	candida albicans
7897	5476	candida albicans
79	5476	candida albicans
790	5476	candida albicans
7901	5476	candida albicans
7905	5476	candida albicans
7909	5476	candida albicans
791	5476	candida albicans
7910	5476	candida albicans
7911	5476	candida albicans
7914	5476	candida albicans
7915	5476	candida albicans
7916	5476	candida albicans
7918	5476	candida albicans
792	5476	candida albicans
7923	5476	candida albicans
7929	5476	candida albicans
7936	5476	candida albicans
7937	5476	candida albicans
7938	5476	candida albicans
7939	5476	candida albicans
794	5476	candida albicans
7943	5476	candida albicans
795	5476	candida albicans
7953	5476	candida albicans
7954	5476	candida albicans
7957	5476	candida albicans
7958	5476	candida albicans
7959	5476	candida albicans
7960	5476	candida albicans
7965	5476	candida albicans
7970	5476	candida albicans
7974	5476	candida albicans
7976	5476	candida albicans
7977	5476	candida albicans
7979	5476	candida albicans
7980	5476	candida albicans
7981	5476	candida albicans
7982	5476	candida albicans
799	5476	candida albicans
7991	5476	candida albicans
7995	5476	candida albicans
7996	5476	candida albicans
7999	5476	candida albicans
8	5476	candida albicans
80	5476	candida albicans
8000	5476	candida albicans
8006	5476	candida albicans
8007	5476	candida albicans
8009	5476	candida albicans
8019	5476	candida albicans
8020	5476	candida albicans
8021	5476	candida albicans
8025	5476	candida albicans
8028	5476	candida albicans
8030	5476	candida albicans
8031	5476	candida albicans
8032	5476	candida albicans
8036	5476	candida albicans
8039	5476	candida albicans
8044	5476	candida albicans
8046	5476	candida albicans
8047	5476	candida albicans
8049	5476	candida albicans
8051	5476	candida albicans
8054	5476	candida albicans
8059	5476	candida albicans
806	5476	candida albicans
8063	5476	candida albicans
8064	5476	candida albicans
8067	5476	candida albicans
8068	5476	candida albicans
807	5476	candida albicans
8071	5476	candida albicans
8077	5476	candida albicans
8078	5476	candida albicans
8079	5476	candida albicans
8080	5476	candida albicans
8081	5476	candida albicans
8082	5476	candida albicans
8083	5476	candida albicans
8087	5476	candida albicans
8088	5476	candida albicans
8091	5476	candida albicans
8094	5476	candida albicans
8096	5476	candida albicans
81	5476	candida albicans
8100	5476	candida albicans
8103	5476	candida albicans
8104	5476	candida albicans
8106	5476	candida albicans
8108	5476	candida albicans
811	5476	candida albicans
8112	5476	candida albicans
8116	5476	candida albicans
8117	5476	candida albicans
812	5476	candida albicans
8123	5476	candida albicans
8124	5476	candida albicans
8125	5476	candida albicans
8126	5476	candida albicans
8127	5476	candida albicans
8128	5476	candida albicans
8129	5476	candida albicans
813	5476	candida albicans
8132	5476	candida albicans
8134	5476	candida albicans
8135	5476	candida albicans
8136	5476	candida albicans
8138	5476	candida albicans
8139	5476	candida albicans
8141	5476	candida albicans
8142	5476	candida albicans
8144	5476	candida albicans
8145	5476	candida albicans
8148	5476	candida albicans
8149	5476	candida albicans
8150	5476	candida albicans
8151	5476	candida albicans
8155	5476	candida albicans
8156	5476	candida albicans
8157	5476	candida albicans
8160	5476	candida albicans
8161	5476	candida albicans
8162	5476	candida albicans
8165	5476	candida albicans
8167	5476	candida albicans
817	5476	candida albicans
8172	5476	candida albicans
8174	5476	candida albicans
8176	5476	candida albicans
8178	5476	candida albicans
8179	5476	candida albicans
8182	5476	candida albicans
8183	5476	candida albicans
819	5476	candida albicans
8191	5476	candida albicans
8192	5476	candida albicans
82	5476	candida albicans
820	5476	candida albicans
8200	5476	candida albicans
8201	5476	candida albicans
8202	5476	candida albicans
8206	5476	candida albicans
821	5476	candida albicans
8211	5476	candida albicans
8216	5476	candida albicans
8219	5476	candida albicans
8220	5476	candida albicans
8221	5476	candida albicans
8224	5476	candida albicans
8225	5476	candida albicans
823	5476	candida albicans
8230	5476	candida albicans
8235	5476	candida albicans
8239	5476	candida albicans
824	5476	candida albicans
8240	5476	candida albicans
8245	5476	candida albicans
8246	5476	candida albicans
8248	5476	candida albicans
8249	5476	candida albicans
825	5476	candida albicans
8251	5476	candida albicans
8252	5476	candida albicans
8253	5476	candida albicans
8256	5476	candida albicans
8259	5476	candida albicans
8261	5476	candida albicans
8262	5476	candida albicans
8265	5476	candida albicans
8270	5476	candida albicans
8271	5476	candida albicans
8275	5476	candida albicans
8279	5476	candida albicans
828	5476	candida albicans
8285	5476	candida albicans
8287	5476	candida albicans
8291	5476	candida albicans
8292	5476	candida albicans
8297	5476	candida albicans
8300	5476	candida albicans
8304	5476	candida albicans
8307	5476	candida albicans
8310	5476	candida albicans
8312	5476	candida albicans
8315	5476	candida albicans
8316	5476	candida albicans
8318	5476	candida albicans
8322	5476	candida albicans
8324	5476	candida albicans
833	5476	candida albicans
8335	5476	candida albicans
8339	5476	candida albicans
8343	5476	candida albicans
8344	5476	candida albicans
8345	5476	candida albicans
8346	5476	candida albicans
8348	5476	candida albicans
835	5476	candida albicans
8351	5476	candida albicans
8358	5476	candida albicans
8359	5476	candida albicans
8360	5476	candida albicans
8361	5476	candida albicans
8362	5476	candida albicans
8367	5476	candida albicans
8369	5476	candida albicans
8371	5476	candida albicans
8372	5476	candida albicans
8373	5476	candida albicans
8375	5476	candida albicans
8378	5476	candida albicans
838	5476	candida albicans
8380	5476	candida albicans
8384	5476	candida albicans
8386	5476	candida albicans
8387	5476	candida albicans
8388	5476	candida albicans
839	5476	candida albicans
8391	5476	candida albicans
8392	5476	candida albicans
8397	5476	candida albicans
8399	5476	candida albicans
84	5476	candida albicans
8402	5476	candida albicans
8404	5476	candida albicans
8407	5476	candida albicans
8410	5476	candida albicans
8413	5476	candida albicans
8415	5476	candida albicans
8416	5476	candida albicans
8419	5476	candida albicans
842	5476	candida albicans
8420	5476	candida albicans
8427	5476	candida albicans
8435	5476	candida albicans
8437	5476	candida albicans
8438	5476	candida albicans
8439	5476	candida albicans
8440	5476	candida albicans
8444	5476	candida albicans
8446	5476	candida albicans
8449	5476	candida albicans
8451	5476	candida albicans
8452	5476	candida albicans
8454	5476	candida albicans
8455	5476	candida albicans
8459	5476	candida albicans
8460	5476	candida albicans
8461	5476	candida albicans
8465	5476	candida albicans
8466	5476	candida albicans
8467	5476	candida albicans
8469	5476	candida albicans
8470	5476	candida albicans
8474	5476	candida albicans
8475	5476	candida albicans
8478	5476	candida albicans
8481	5476	candida albicans
8482	5476	candida albicans
8486	5476	candida albicans
8489	5476	candida albicans
8490	5476	candida albicans
8491	5476	candida albicans
8492	5476	candida albicans
8493	5476	candida albicans
8498	5476	candida albicans
8501	5476	candida albicans
8502	5476	candida albicans
8503	5476	candida albicans
8509	5476	candida albicans
8511	5476	candida albicans
8515	5476	candida albicans
8517	5476	candida albicans
8518	5476	candida albicans
852	5476	candida albicans
8520	5476	candida albicans
8523	5476	candida albicans
8525	5476	candida albicans
8527	5476	candida albicans
8531	5476	candida albicans
8532	5476	candida albicans
8534	5476	candida albicans
8535	5476	candida albicans
8536	5476	candida albicans
8539	5476	candida albicans
8541	5476	candida albicans
8542	5476	candida albicans
8545	5476	candida albicans
8546	5476	candida albicans
8547	5476	candida albicans
8548	5476	candida albicans
8550	5476	candida albicans
8555	5476	candida albicans
8556	5476	candida albicans
8559	5476	candida albicans
8566	5476	candida albicans
8567	5476	candida albicans
8568	5476	candida albicans
8569	5476	candida albicans
8570	5476	candida albicans
8574	5476	candida albicans
8575	5476	candida albicans
858	5476	candida albicans
8581	5476	candida albicans
8582	5476	candida albicans
8587	5476	candida albicans
8589	5476	candida albicans
859	5476	candida albicans
8591	5476	candida albicans
8592	5476	candida albicans
8593	5476	candida albicans
8599	5476	candida albicans
8606	5476	candida albicans
861	5476	candida albicans
8616	5476	candida albicans
8618	5476	candida albicans
8619	5476	candida albicans
862	5476	candida albicans
8620	5476	candida albicans
8624	5476	candida albicans
8627	5476	candida albicans
8632	5476	candida albicans
8634	5476	candida albicans
8635	5476	candida albicans
8637	5476	candida albicans
8640	5476	candida albicans
8641	5476	candida albicans
8643	5476	candida albicans
865	5476	candida albicans
8651	5476	candida albicans
8652	5476	candida albicans
8653	5476	candida albicans
8659	5476	candida albicans
8660	5476	candida albicans
8663	5476	candida albicans
8665	5476	candida albicans
8666	5476	candida albicans
8671	5476	candida albicans
8674	5476	candida albicans
8676	5476	candida albicans
868	5476	candida albicans
8680	5476	candida albicans
8683	5476	candida albicans
8684	5476	candida albicans
8686	5476	candida albicans
8687	5476	candida albicans
8690	5476	candida albicans
8693	5476	candida albicans
8694	5476	candida albicans
8695	5476	candida albicans
8697	5476	candida albicans
8698	5476	candida albicans
870	5476	candida albicans
8700	5476	candida albicans
8701	5476	candida albicans
8704	5476	candida albicans
8707	5476	candida albicans
871	5476	candida albicans
8712	5476	candida albicans
8713	5476	candida albicans
8717	5476	candida albicans
8718	5476	candida albicans
8719	5476	candida albicans
8720	5476	candida albicans
8721	5476	candida albicans
8725	5476	candida albicans
8727	5476	candida albicans
8731	5476	candida albicans
8732	5476	candida albicans
8735	5476	candida albicans
8742	5476	candida albicans
8744	5476	candida albicans
8746	5476	candida albicans
8747	5476	candida albicans
8748	5476	candida albicans
8750	5476	candida albicans
8751	5476	candida albicans
8753	5476	candida albicans
8756	5476	candida albicans
876	5476	candida albicans
8761	5476	candida albicans
8762	5476	candida albicans
8763	5476	candida albicans
8764	5476	candida albicans
8768	5476	candida albicans
8772	5476	candida albicans
8774	5476	candida albicans
8775	5476	candida albicans
8776	5476	candida albicans
8778	5476	candida albicans
8783	5476	candida albicans
8785	5476	candida albicans
8786	5476	candida albicans
879	5476	candida albicans
8791	5476	candida albicans
8793	5476	candida albicans
8794	5476	candida albicans
8800	5476	candida albicans
8801	5476	candida albicans
8804	5476	candida albicans
8805	5476	candida albicans
8809	5476	candida albicans
881	5476	candida albicans
8818	5476	candida albicans
8820	5476	candida albicans
8821	5476	candida albicans
8828	5476	candida albicans
8829	5476	candida albicans
8836	5476	candida albicans
8837	5476	candida albicans
8839	5476	candida albicans
8840	5476	candida albicans
8843	5476	candida albicans
8848	5476	candida albicans
8855	5476	candida albicans
8856	5476	candida albicans
8858	5476	candida albicans
886	5476	candida albicans
8860	5476	candida albicans
8862	5476	candida albicans
8863	5476	candida albicans
8865	5476	candida albicans
8866	5476	candida albicans
8869	5476	candida albicans
8872	5476	candida albicans
8873	5476	candida albicans
8875	5476	candida albicans
8876	5476	candida albicans
8878	5476	candida albicans
8879	5476	candida albicans
8882	5476	candida albicans
8884	5476	candida albicans
8890	5476	candida albicans
8893	5476	candida albicans
8894	5476	candida albicans
8895	5476	candida albicans
8898	5476	candida albicans
89	5476	candida albicans
8902	5476	candida albicans
8905	5476	candida albicans
8906	5476	candida albicans
8907	5476	candida albicans
8909	5476	candida albicans
8912	5476	candida albicans
8913	5476	candida albicans
8914	5476	candida albicans
8915	5476	candida albicans
8916	5476	candida albicans
8917	5476	candida albicans
8919	5476	candida albicans
8920	5476	candida albicans
8929	5476	candida albicans
893	5476	candida albicans
8930	5476	candida albicans
8931	5476	candida albicans
8932	5476	candida albicans
8935	5476	candida albicans
8937	5476	candida albicans
8939	5476	candida albicans
8940	5476	candida albicans
8941	5476	candida albicans
8942	5476	candida albicans
8943	5476	candida albicans
8947	5476	candida albicans
8954	5476	candida albicans
8955	5476	candida albicans
896	5476	candida albicans
8961	5476	candida albicans
8963	5476	candida albicans
8964	5476	candida albicans
8965	5476	candida albicans
8974	5476	candida albicans
8976	5476	candida albicans
898	5476	candida albicans
8983	5476	candida albicans
8984	5476	candida albicans
8985	5476	candida albicans
8987	5476	candida albicans
899	5476	candida albicans
8991	5476	candida albicans
8993	5476	candida albicans
8994	5476	candida albicans
8995	5476	candida albicans
8996	5476	candida albicans
8997	5476	candida albicans
8999	5476	candida albicans
90	5476	candida albicans
900	5476	candida albicans
9003	5476	candida albicans
9008	5476	candida albicans
9009	5476	candida albicans
901	5476	candida albicans
9012	5476	candida albicans
9019	5476	candida albicans
9021	5476	candida albicans
9022	5476	candida albicans
9024	5476	candida albicans
9025	5476	candida albicans
9030	5476	candida albicans
9031	5476	candida albicans
9034	5476	candida albicans
9037	5476	candida albicans
9039	5476	candida albicans
9040	5476	candida albicans
9041	5476	candida albicans
9043	5476	candida albicans
9044	5476	candida albicans
9046	5476	candida albicans
9047	5476	candida albicans
9048	5476	candida albicans
9052	5476	candida albicans
9053	5476	candida albicans
9057	5476	candida albicans
9059	5476	candida albicans
906	5476	candida albicans
9065	5476	candida albicans
9066	5476	candida albicans
9068	5476	candida albicans
9074	5476	candida albicans
9076	5476	candida albicans
9078	5476	candida albicans
9081	5476	candida albicans
9084	5476	candida albicans
9086	5476	candida albicans
9089	5476	candida albicans
909	5476	candida albicans
9096	5476	candida albicans
9099	5476	candida albicans
91	5476	candida albicans
910	5476	candida albicans
9104	5476	candida albicans
9107	5476	candida albicans
9108	5476	candida albicans
9109	5476	candida albicans
9112	5476	candida albicans
9113	5476	candida albicans
9114	5476	candida albicans
9115	5476	candida albicans
9117	5476	candida albicans
9118	5476	candida albicans
9120	5476	candida albicans
9124	5476	candida albicans
9125	5476	candida albicans
9128	5476	candida albicans
9130	5476	candida albicans
9131	5476	candida albicans
9132	5476	candida albicans
9141	5476	candida albicans
9142	5476	candida albicans
9143	5476	candida albicans
9144	5476	candida albicans
9145	5476	candida albicans
9146	5476	candida albicans
9148	5476	candida albicans
9151	5476	candida albicans
9155	5476	candida albicans
9157	5476	candida albicans
9160	5476	candida albicans
9161	5476	candida albicans
9164	5476	candida albicans
917	5476	candida albicans
9171	5476	candida albicans
9172	5476	candida albicans
9173	5476	candida albicans
9181	5476	candida albicans
9183	5476	candida albicans
9185	5476	candida albicans
9187	5476	candida albicans
9188	5476	candida albicans
9189	5476	candida albicans
9190	5476	candida albicans
9191	5476	candida albicans
9193	5476	candida albicans
9194	5476	candida albicans
9198	5476	candida albicans
9199	5476	candida albicans
920	5476	candida albicans
9204	5476	candida albicans
9205	5476	candida albicans
921	5476	candida albicans
9216	5476	candida albicans
9218	5476	candida albicans
9219	5476	candida albicans
922	5476	candida albicans
9221	5476	candida albicans
9222	5476	candida albicans
9226	5476	candida albicans
9227	5476	candida albicans
9228	5476	candida albicans
9229	5476	candida albicans
923	5476	candida albicans
9231	5476	candida albicans
9233	5476	candida albicans
9235	5476	candida albicans
9239	5476	candida albicans
924	5476	candida albicans
9241	5476	candida albicans
9246	5476	candida albicans
9247	5476	candida albicans
9248	5476	candida albicans
9249	5476	candida albicans
9250	5476	candida albicans
9251	5476	candida albicans
9252	5476	candida albicans
9253	5476	candida albicans
9254	5476	candida albicans
9260	5476	candida albicans
9261	5476	candida albicans
9262	5476	candida albicans
9263	5476	candida albicans
9265	5476	candida albicans
9267	5476	candida albicans
9269	5476	candida albicans
9271	5476	candida albicans
9272	5476	candida albicans
9273	5476	candida albicans
9274	5476	candida albicans
9275	5476	candida albicans
9279	5476	candida albicans
9280	5476	candida albicans
9282	5476	candida albicans
9289	5476	candida albicans
9300	5476	candida albicans
9304	5476	candida albicans
9307	5476	candida albicans
9309	5476	candida albicans
9310	5476	candida albicans
9311	5476	candida albicans
9316	5476	candida albicans
9317	5476	candida albicans
9319	5476	candida albicans
932	5476	candida albicans
9328	5476	candida albicans
9329	5476	candida albicans
9332	5476	candida albicans
9334	5476	candida albicans
9338	5476	candida albicans
934	5476	candida albicans
9344	5476	candida albicans
9345	5476	candida albicans
9347	5476	candida albicans
935	5476	candida albicans
9353	5476	candida albicans
9354	5476	candida albicans
9356	5476	candida albicans
9357	5476	candida albicans
936	5476	candida albicans
9365	5476	candida albicans
9367	5476	candida albicans
937	5476	candida albicans
9371	5476	candida albicans
9376	5476	candida albicans
9378	5476	candida albicans
938	5476	candida albicans
9380	5476	candida albicans
9382	5476	candida albicans
9383	5476	candida albicans
9390	5476	candida albicans
9391	5476	candida albicans
9396	5476	candida albicans
94	5476	candida albicans
9400	5476	candida albicans
9401	5476	candida albicans
9402	5476	candida albicans
9406	5476	candida albicans
9407	5476	candida albicans
9409	5476	candida albicans
941	5476	candida albicans
9412	5476	candida albicans
9413	5476	candida albicans
9417	5476	candida albicans
9418	5476	candida albicans
9423	5476	candida albicans
9424	5476	candida albicans
9425	5476	candida albicans
9427	5476	candida albicans
9428	5476	candida albicans
9429	5476	candida albicans
943	5476	candida albicans
9434	5476	candida albicans
9435	5476	candida albicans
9437	5476	candida albicans
9438	5476	candida albicans
9440	5476	candida albicans
9441	5476	candida albicans
9443	5476	candida albicans
9444	5476	candida albicans
9445	5476	candida albicans
9446	5476	candida albicans
9448	5476	candida albicans
9450	5476	candida albicans
9452	5476	candida albicans
9453	5476	candida albicans
9454	5476	candida albicans
9455	5476	candida albicans
9456	5476	candida albicans
9457	5476	candida albicans
946	5476	candida albicans
9460	5476	candida albicans
9469	5476	candida albicans
9472	5476	candida albicans
9474	5476	candida albicans
9477	5476	candida albicans
9479	5476	candida albicans
9482	5476	candida albicans
9484	5476	candida albicans
9488	5476	candida albicans
9495	5476	candida albicans
9501	5476	candida albicans
9502	5476	candida albicans
9503	5476	candida albicans
9504	5476	candida albicans
9507	5476	candida albicans
9509	5476	candida albicans
951	5476	candida albicans
9510	5476	candida albicans
9513	5476	candida albicans
9514	5476	candida albicans
952	5476	candida albicans
9521	5476	candida albicans
9524	5476	candida albicans
9525	5476	candida albicans
9526	5476	candida albicans
953	5476	candida albicans
9537	5476	candida albicans
9542	5476	candida albicans
9544	5476	candida albicans
9546	5476	candida albicans
9547	5476	candida albicans
9548	5476	candida albicans
9549	5476	candida albicans
9550	5476	candida albicans
9553	5476	candida albicans
9556	5476	candida albicans
9557	5476	candida albicans
9558	5476	candida albicans
9559	5476	candida albicans
9562	5476	candida albicans
9570	5476	candida albicans
9571	5476	candida albicans
9574	5476	candida albicans
9575	5476	candida albicans
9576	5476	candida albicans
9581	5476	candida albicans
9582	5476	candida albicans
9584	5476	candida albicans
959	5476	candida albicans
9596	5476	candida albicans
9597	5476	candida albicans
9598	5476	candida albicans
960	5476	candida albicans
9602	5476	candida albicans
9604	5476	candida albicans
9605	5476	candida albicans
9608	5476	candida albicans
9609	5476	candida albicans
961	5476	candida albicans
9610	5476	candida albicans
9611	5476	candida albicans
9613	5476	candida albicans
9616	5476	candida albicans
9617	5476	candida albicans
9618	5476	candida albicans
962	5476	candida albicans
9621	5476	candida albicans
9629	5476	candida albicans
963	5476	candida albicans
9633	5476	candida albicans
9635	5476	candida albicans
9640	5476	candida albicans
9641	5476	candida albicans
9647	5476	candida albicans
9649	5476	candida albicans
9652	5476	candida albicans
9653	5476	candida albicans
9657	5476	candida albicans
9659	5476	candida albicans
966	5476	candida albicans
9660	5476	candida albicans
9664	5476	candida albicans
9665	5476	candida albicans
9666	5476	candida albicans
9670	5476	candida albicans
9671	5476	candida albicans
9672	5476	candida albicans
9673	5476	candida albicans
9674	5476	candida albicans
9675	5476	candida albicans
9679	5476	candida albicans
968	5476	candida albicans
9684	5476	candida albicans
9685	5476	candida albicans
9686	5476	candida albicans
969	5476	candida albicans
9691	5476	candida albicans
9693	5476	candida albicans
9694	5476	candida albicans
9696	5476	candida albicans
9698	5476	candida albicans
9700	5476	candida albicans
9702	5476	candida albicans
9703	5476	candida albicans
9704	5476	candida albicans
9706	5476	candida albicans
9707	5476	candida albicans
9708	5476	candida albicans
9710	5476	candida albicans
9711	5476	candida albicans
9713	5476	candida albicans
9714	5476	candida albicans
9718	5476	candida albicans
9719	5476	candida albicans
9724	5476	candida albicans
9728	5476	candida albicans
9729	5476	candida albicans
9739	5476	candida albicans
9740	5476	candida albicans
9750	5476	candida albicans
9753	5476	candida albicans
9754	5476	candida albicans
9755	5476	candida albicans
9757	5476	candida albicans
976	5476	candida albicans
9760	5476	candida albicans
9766	5476	candida albicans
9767	5476	candida albicans
9769	5476	candida albicans
977	5476	candida albicans
9771	5476	candida albicans
9778	5476	candida albicans
9780	5476	candida albicans
9782	5476	candida albicans
9784	5476	candida albicans
979	5476	candida albicans
9795	5476	candida albicans
9798	5476	candida albicans
9799	5476	candida albicans
980	5476	candida albicans
9800	5476	candida albicans
9802	5476	candida albicans
9803	5476	candida albicans
9805	5476	candida albicans
9814	5476	candida albicans
982	5476	candida albicans
9821	5476	candida albicans
9822	5476	candida albicans
9824	5476	candida albicans
9826	5476	candida albicans
9831	5476	candida albicans
9834	5476	candida albicans
9835	5476	candida albicans
9836	5476	candida albicans
9838	5476	candida albicans
9839	5476	candida albicans
9842	5476	candida albicans
9843	5476	candida albicans
9848	5476	candida albicans
9849	5476	candida albicans
9855	5476	candida albicans
9856	5476	candida albicans
9857	5476	candida albicans
986	5476	candida albicans
9860	5476	candida albicans
9861	5476	candida albicans
9866	5476	candida albicans
9867	5476	candida albicans
9873	5476	candida albicans
9874	5476	candida albicans
9875	5476	candida albicans
9877	5476	candida albicans
9878	5476	candida albicans
9879	5476	candida albicans
9880	5476	candida albicans
9882	5476	candida albicans
9890	5476	candida albicans
9895	5476	candida albicans
9896	5476	candida albicans
9897	5476	candida albicans
9898	5476	candida albicans
9899	5476	candida albicans
9906	5476	candida albicans
9907	5476	candida albicans
9911	5476	candida albicans
9912	5476	candida albicans
9913	5476	candida albicans
9915	5476	candida albicans
992	5476	candida albicans
9920	5476	candida albicans
9923	5476	candida albicans
9924	5476	candida albicans
9926	5476	candida albicans
9929	5476	candida albicans
993	5476	candida albicans
9930	5476	candida albicans
9931	5476	candida albicans
9936	5476	candida albicans
9937	5476	candida albicans
9939	5476	candida albicans
9940	5476	candida albicans
9941	5476	candida albicans
9944	5476	candida albicans
9945	5476	candida albicans
9947	5476	candida albicans
9952	5476	candida albicans
9953	5476	candida albicans
9955	5476	candida albicans
9957	5476	candida albicans
9958	5476	candida albicans
996	5476	candida albicans
9961	5476	candida albicans
9963	5476	candida albicans
9967	5476	candida albicans
9968	5476	candida albicans
9971	5476	candida albicans
9972	5476	candida albicans
9973	5476	candida albicans
9975	5476	candida albicans
9976	5476	candida albicans
9977	5476	candida albicans
9980	5476	candida albicans
9982	5476	candida albicans
9983	5476	candida albicans
9988	5476	candida albicans
9996	5476	candida albicans
9997	5476	candida albicans
9998	5476	candida albicans
Akkermansia_muciniphila	239934	akkermansia
Bacteroides_fragilis	816	bacteroides
Bifidobacterium_adolescentis	1680	bifidobacterium adolescentis
Clostridium_difficille	1496	clostridioides difficile
Clostridium_perfringens.final.genome	0	clostridium perfringens
Clostridium_perfringens.final.plasmid1	0	clostridium perfringens
Clostridium_perfringens.final.plasmid2	0	clostridium perfringens
Clostridium_perfringens.final.plasmid3	0	clostridium perfringens
Clostridium_perfringens.final.plasmid4	0	clostridium perfringens
Clostridium_perfringens.final.plasmid5	0	clostridium perfringens
E.coli.B766.final.genome	562	escherichia coli
E.coli.B766.final.plasmid1	562	escherichia coli
E.coli.B766.final.plasmid2	562	escherichia coli
E.coli.JM109.final.genome	562	escherichia coli
E.coli.JM109.final.plasmid	562	escherichia coli
E.coli.b2207.final.genome	562	escherichia coli
E.coli.b2207.final.plasmid	562	escherichia coli
Enterococcus_faecalis	1350	enterococcus
Escherichia_coli_B3008	561	escherichia
Escherichia_coli_chromosome	561	escherichia
Escherichia_coli_plasmid	561	escherichia
Faecalibacterium_prausnitzii	853	faecalibacterium
Fusobacterium_nucleatum	848	fusobacterium
Lactobacillus_fermentum	1613	lactobacillus fermentum
Prevotella_corporis.final.genome1	838	prevotella
Prevotella_corporis.final.genome2	838	prevotella
Prevotella_corporis.final.plasmid1	838	prevotella
Prevotella_corporis.final.plasmid2	838	prevotella
Roseburia_hominis	841	roseburia
Salmonella_enterica	590	salmonella
methanobrevibacter_smithii	2173	methanobrevibacter smithii
tig00000001	4932	saccharomyces cerevisiae
tig00000003	4932	saccharomyces cerevisiae
tig00000004	4932	saccharomyces cerevisiae
tig00000006	4932	saccharomyces cerevisiae
tig00000011	4932	saccharomyces cerevisiae
tig00000018	4932	saccharomyces cerevisiae
tig00000019	4932	saccharomyces cerevisiae
tig00000023	4932	saccharomyces cerevisiae
tig00000025	4932	saccharomyces cerevisiae
tig00000027	4932	saccharomyces cerevisiae
tig00000031	4932	saccharomyces cerevisiae
tig00000036	4932	saccharomyces cerevisiae
tig00000038	4932	saccharomyces cerevisiae
tig00000042	4932	saccharomyces cerevisiae
tig00000047	4932	saccharomyces cerevisiae
tig00000050	4932	saccharomyces cerevisiae
tig00000051	4932	saccharomyces cerevisiae
tig00000054	4932	saccharomyces cerevisiae
tig00000055	4932	saccharomyces cerevisiae
tig00000063	4932	saccharomyces cerevisiae
tig00000069	4932	saccharomyces cerevisiae
tig00000071	4932	saccharomyces cerevisiae
tig00000072	4932	saccharomyces cerevisiae
tig00000075	4932	saccharomyces cerevisiae
tig00000078	4932	saccharomyces cerevisiae
tig00000079	4932	saccharomyces cerevisiae
tig00000080	4932	saccharomyces cerevisiae
tig00000086	4932	saccharomyces cerevisiae
tig00000091	4932	saccharomyces cerevisiae
tig00000093	4932	saccharomyces cerevisiae
tig00000094	4932	saccharomyces cerevisiae
tig00000096	4932	saccharomyces cerevisiae
tig00000104	4932	saccharomyces cerevisiae
tig00000105	4932	saccharomyces cerevisiae
tig00000109	4932	saccharomyces cerevisiae
tig00000114	4932	saccharomyces cerevisiae
tig00000123	4932	saccharomyces cerevisiae
tig00000125	4932	saccharomyces cerevisiae
tig00000128	4932	saccharomyces cerevisiae
tig00000132	4932	saccharomyces cerevisiae
tig00000134	4932	saccharomyces cerevisiae
tig00000136	4932	saccharomyces cerevisiae
tig00000139	4932	saccharomyces cerevisiae
tig00000140	4932	saccharomyces cerevisiae
tig00000161	4932	saccharomyces cerevisiae
tig00000163	4932	saccharomyces cerevisiae
tig00000172	4932	saccharomyces cerevisiae
tig00000304	4932	saccharomyces cerevisiae
tig00000306	4932	saccharomyces cerevisiae
tig00000307	4932	saccharomyces cerevisiae
tig00000308	4932	saccharomyces cerevisiae
veillonella_rogosae	29465	veillonella
